"ID","Group.1","Group.2","Group.3","Group.4","Group.5","Group.6","Group.7","Group.8","Group.9","Group.10","Group.11","Group.12","Group.13","Group.14","Group.15","Group.16","Group.17","Group.18","Group.19","Group.20","Group.21","Group.22","Group.23","Group.24","Group.25","Group.26","Group.27","Group.28","Group.29","Group.30","Group.31","Group.32","Group.33","Group.34","Group.35","Group.36","Group.37","Group.38","Group.39","Group.40","Group.41","Group.42","Group.43","Group.44","Group.45","Group.46","Group.47","Group.48","Group.49","Group.50","Group.51","Group.52","Group.53","Group.54","Group.55","Group.56","Group.57","Group.58","Group.59","Group.60","Group.61","Group.62","Group.63","Group.64","Group.65","Group.66","Group.67","Group.68","Group.69","Group.70","Group.71","Group.72","Group.73","Group.74","Group.75","Group.76","Group.77","Group.78","Group.79","Group.80","Group.81","Group.82","Group.83","Group.84","Group.85","Group.86","Group.87","Group.88","Group.89","Group.90","Group.91","Group.92","Group.93","Group.94","Group.95","Group.96","Group.97","Group.98","Group.99","Group.100","Group.101","Group.102","Group.103","Group.104","Group.105","Group.106","Group.107","Group.108","Group.109","Group.110","Group.111","Group.112","Group.113","Group.114","Group.115","Group.116","Group.117","Group.118","Group.119","Group.120"
1,"Ctrl","Trt","Trt","Ctrl","Trt","Ctrl","Ctrl","Ctrl","Trt","Trt","Ctrl","Trt","Ctrl","Trt","Trt","Ctrl","Trt","Trt","Ctrl","Ctrl","Trt","Ctrl","Trt","Ctrl","Trt","Ctrl","Ctrl","Ctrl","Trt","Trt","Trt","Ctrl","Trt","Ctrl","Trt","Ctrl","Trt","Trt","Ctrl","Ctrl","Trt","Ctrl","Ctrl","Ctrl","Trt","Trt","Trt","Ctrl","Trt","Ctrl","Trt","Ctrl","Trt","Ctrl","Ctrl","Ctrl","Trt","Trt","Trt","Ctrl","Trt","Ctrl","Ctrl","Trt","Trt","Trt","Ctrl","Ctrl","Ctrl","Trt","Trt","Trt","Ctrl","Ctrl","Trt","Ctrl","Trt","Trt","Trt","Ctrl","Ctrl","Ctrl","Trt","Ctrl","Trt","Ctrl","Ctrl","Trt","Ctrl","Trt","Trt","Ctrl","Trt","Ctrl","Trt","Trt","Ctrl","Ctrl","Trt","Ctrl","Trt","Ctrl","Trt","Ctrl","Ctrl","Trt","Ctrl","Ctrl","Trt","Trt","Trt","Ctrl","Ctrl","Trt","Ctrl","Ctrl","Trt","Trt","Trt","Trt"
2,"Ctrl","Trt","Trt","Ctrl","Trt","Ctrl","Ctrl","Ctrl","Trt","Trt","Ctrl","Trt","Ctrl","Trt","Trt","Ctrl","Trt","Trt","Ctrl","Ctrl","Trt","Ctrl","Trt","Ctrl","Trt","Ctrl","Ctrl","Ctrl","Trt","Trt","Trt","Ctrl","Trt","Ctrl","Trt","Ctrl","Trt","Trt","Ctrl","Ctrl","Trt","Ctrl","Ctrl","Ctrl","Trt","Trt","Trt","Ctrl","Trt","Ctrl","Trt","Ctrl","Trt","Ctrl","Ctrl","Ctrl","Trt","Trt","Trt","Ctrl","Trt","Ctrl","Ctrl","Trt","Trt","Trt","Ctrl","Ctrl","Ctrl","Trt","Trt","Trt","Ctrl","Ctrl","Trt","Ctrl","Trt","Trt","Trt","Ctrl","Ctrl","Ctrl","Trt","Ctrl","Trt","Ctrl","Ctrl","Trt","Ctrl","Trt","Trt","Ctrl","Trt","Ctrl","Trt","Trt","Ctrl","Ctrl","Trt","Ctrl","Trt","Ctrl","Trt","Ctrl","Ctrl","Trt","Ctrl","Ctrl","Trt","Trt","Trt","Ctrl","Ctrl","Trt","Ctrl","Ctrl","Trt","Trt","Trt","Trt"
3,"Ctrl","Trt","Trt","Ctrl","Trt","Ctrl","Ctrl","Ctrl","Trt","Trt","Ctrl","Trt","Ctrl","Trt","Trt","Ctrl","Trt","Trt","Ctrl","Ctrl","Trt","Ctrl","Trt","Ctrl","Trt","Ctrl","Ctrl","Ctrl","Trt","Trt","Trt","Ctrl","Trt","Ctrl","Trt","Ctrl","Trt","Trt","Ctrl","Ctrl","Trt","Ctrl","Ctrl","Ctrl","Trt","Trt","Trt","Ctrl","Trt","Ctrl","Trt","Ctrl","Trt","Ctrl","Ctrl","Ctrl","Trt","Trt","Trt","Ctrl","Trt","Ctrl","Ctrl","Trt","Trt","Trt","Ctrl","Ctrl","Ctrl","Trt","Trt","Trt","Ctrl","Ctrl","Trt","Ctrl","Trt","Trt","Trt","Ctrl","Ctrl","Ctrl","Trt","Ctrl","Trt","Ctrl","Ctrl","Trt","Ctrl","Trt","Trt","Ctrl","Trt","Ctrl","Trt","Trt","Ctrl","Ctrl","Trt","Ctrl","Trt","Ctrl","Trt","Ctrl","Ctrl","Trt","Ctrl","Ctrl","Trt","Trt","Trt","Ctrl","Ctrl","Trt","Ctrl","Ctrl","Trt","Trt","Trt","Trt"
4,"Ctrl","Trt","Trt","Ctrl","Trt","Ctrl","Ctrl","Ctrl","Trt","Trt","Ctrl","Trt","Ctrl","Trt","Trt","Ctrl","Trt","Trt","Ctrl","Ctrl","Trt","Ctrl","Trt","Ctrl","Trt","Ctrl","Ctrl","Ctrl","Trt","Trt","Trt","Ctrl","Trt","Ctrl","Trt","Ctrl","Trt","Trt","Ctrl","Ctrl","Trt","Ctrl","Ctrl","Ctrl","Trt","Trt","Trt","Ctrl","Trt","Ctrl","Trt","Ctrl","Trt","Ctrl","Ctrl","Ctrl","Trt","Trt","Trt","Ctrl","Trt","Ctrl","Ctrl","Trt","Trt","Trt","Ctrl","Ctrl","Ctrl","Trt","Trt","Trt","Ctrl","Ctrl","Trt","Ctrl","Trt","Trt","Trt","Ctrl","Ctrl","Ctrl","Trt","Ctrl","Trt","Ctrl","Ctrl","Trt","Ctrl","Trt","Trt","Ctrl","Trt","Ctrl","Trt","Trt","Ctrl","Ctrl","Trt","Ctrl","Trt","Ctrl","Trt","Ctrl","Ctrl","Trt","Ctrl","Ctrl","Trt","Trt","Trt","Ctrl","Ctrl","Trt","Ctrl","Ctrl","Trt","Trt","Trt","Trt"
5,"Ctrl","Trt","Trt","Ctrl","Trt","Ctrl","Ctrl","Ctrl","Trt","Trt","Ctrl","Trt","Ctrl","Trt","Trt","Ctrl","Trt","Trt","Ctrl","Ctrl","Trt","Ctrl","Trt","Ctrl","Trt","Ctrl","Ctrl","Ctrl","Trt","Trt","Trt","Ctrl","Trt","Ctrl","Trt","Ctrl","Trt","Trt","Ctrl","Ctrl","Trt","Ctrl","Ctrl","Ctrl","Trt","Trt","Trt","Ctrl","Trt","Ctrl","Trt","Ctrl","Trt","Ctrl","Ctrl","Ctrl","Trt","Trt","Trt","Ctrl","Trt","Ctrl","Ctrl","Trt","Trt","Trt","Ctrl","Ctrl","Ctrl","Trt","Trt","Trt","Ctrl","Ctrl","Trt","Ctrl","Trt","Trt","Trt","Ctrl","Ctrl","Ctrl","Trt","Ctrl","Trt","Ctrl","Ctrl","Trt","Ctrl","Trt","Trt","Ctrl","Trt","Ctrl","Trt","Trt","Ctrl","Ctrl","Trt","Ctrl","Trt","Ctrl","Trt","Ctrl","Ctrl","Trt","Ctrl","Ctrl","Trt","Trt","Trt","Ctrl","Ctrl","Trt","Ctrl","Ctrl","Trt","Trt","Trt","Trt"
6,"Ctrl","Trt","Trt","Ctrl","Trt","Ctrl","Ctrl","Ctrl","Trt","Trt","Ctrl","Trt","Ctrl","Trt","Trt","Ctrl","Trt","Trt","Ctrl","Ctrl","Trt","Ctrl","Trt","Ctrl","Trt","Ctrl","Ctrl","Ctrl","Trt","Trt","Trt","Ctrl","Trt","Ctrl","Trt","Ctrl","Trt","Trt","Ctrl","Ctrl","Trt","Ctrl","Ctrl","Ctrl","Trt","Trt","Trt","Ctrl","Trt","Ctrl","Trt","Ctrl","Trt","Ctrl","Ctrl","Ctrl","Trt","Trt","Trt","Ctrl","Trt","Ctrl","Ctrl","Trt","Trt","Trt","Ctrl","Ctrl","Ctrl","Trt","Trt","Trt","Ctrl","Ctrl","Trt","Ctrl","Trt","Trt","Trt","Ctrl","Ctrl","Ctrl","Trt","Ctrl","Trt","Ctrl","Ctrl","Trt","Ctrl","Trt","Trt","Ctrl","Trt","Ctrl","Trt","Trt","Ctrl","Ctrl","Trt","Ctrl","Trt","Ctrl","Trt","Ctrl","Ctrl","Trt","Ctrl","Ctrl","Trt","Trt","Trt","Ctrl","Ctrl","Trt","Ctrl","Ctrl","Trt","Trt","Trt","Trt"
7,"Ctrl","Trt","Trt","Ctrl","Trt","Ctrl","Ctrl","Ctrl","Trt","Trt","Ctrl","Trt","Ctrl","Trt","Trt","Ctrl","Trt","Trt","Ctrl","Ctrl","Trt","Ctrl","Trt","Ctrl","Trt","Ctrl","Ctrl","Ctrl","Trt","Trt","Trt","Ctrl","Trt","Ctrl","Trt","Ctrl","Trt","Trt","Ctrl","Ctrl","Trt","Ctrl","Ctrl","Ctrl","Trt","Trt","Trt","Ctrl","Trt","Ctrl","Trt","Ctrl","Trt","Ctrl","Ctrl","Ctrl","Trt","Trt","Trt","Ctrl","Trt","Ctrl","Ctrl","Trt","Trt","Trt","Ctrl","Ctrl","Ctrl","Trt","Trt","Trt","Ctrl","Ctrl","Trt","Ctrl","Trt","Trt","Trt","Ctrl","Ctrl","Ctrl","Trt","Ctrl","Trt","Ctrl","Ctrl","Trt","Ctrl","Trt","Trt","Ctrl","Trt","Ctrl","Trt","Trt","Ctrl","Ctrl","Trt","Ctrl","Trt","Ctrl","Trt","Ctrl","Ctrl","Trt","Ctrl","Ctrl","Trt","Trt","Trt","Ctrl","Ctrl","Trt","Ctrl","Ctrl","Trt","Trt","Trt","Trt"
8,"Ctrl","Trt","Trt","Ctrl","Trt","Ctrl","Ctrl","Ctrl","Trt","Trt","Ctrl","Trt","Ctrl","Trt","Trt","Ctrl","Trt","Trt","Ctrl","Ctrl","Trt","Ctrl","Trt","Ctrl","Trt","Ctrl","Ctrl","Ctrl","Trt","Trt","Trt","Ctrl","Trt","Ctrl","Trt","Ctrl","Trt","Trt","Ctrl","Ctrl","Trt","Ctrl","Ctrl","Ctrl","Trt","Trt","Trt","Ctrl","Trt","Ctrl","Trt","Ctrl","Trt","Ctrl","Ctrl","Ctrl","Trt","Trt","Trt","Ctrl","Trt","Ctrl","Ctrl","Trt","Trt","Trt","Ctrl","Ctrl","Ctrl","Trt","Trt","Trt","Ctrl","Ctrl","Trt","Ctrl","Trt","Trt","Trt","Ctrl","Ctrl","Ctrl","Trt","Ctrl","Trt","Ctrl","Ctrl","Trt","Ctrl","Trt","Trt","Ctrl","Trt","Ctrl","Trt","Trt","Ctrl","Ctrl","Trt","Ctrl","Trt","Ctrl","Trt","Ctrl","Ctrl","Trt","Ctrl","Ctrl","Trt","Trt","Trt","Ctrl","Ctrl","Trt","Ctrl","Ctrl","Trt","Trt","Trt","Trt"
9,"Ctrl","Trt","Trt","Ctrl","Trt","Ctrl","Ctrl","Ctrl","Trt","Trt","Ctrl","Trt","Ctrl","Trt","Trt","Ctrl","Trt","Trt","Ctrl","Ctrl","Trt","Ctrl","Trt","Ctrl","Trt","Ctrl","Ctrl","Ctrl","Trt","Trt","Trt","Ctrl","Trt","Ctrl","Trt","Ctrl","Trt","Trt","Ctrl","Ctrl","Trt","Ctrl","Ctrl","Ctrl","Trt","Trt","Trt","Ctrl","Trt","Ctrl","Trt","Ctrl","Trt","Ctrl","Ctrl","Ctrl","Trt","Trt","Trt","Ctrl","Trt","Ctrl","Ctrl","Trt","Trt","Trt","Ctrl","Ctrl","Ctrl","Trt","Trt","Trt","Ctrl","Ctrl","Trt","Ctrl","Trt","Trt","Trt","Ctrl","Ctrl","Ctrl","Trt","Ctrl","Trt","Ctrl","Ctrl","Trt","Ctrl","Trt","Trt","Ctrl","Trt","Ctrl","Trt","Trt","Ctrl","Ctrl","Trt","Ctrl","Trt","Ctrl","Trt","Ctrl","Ctrl","Trt","Ctrl","Ctrl","Trt","Trt","Trt","Ctrl","Ctrl","Trt","Ctrl","Ctrl","Trt","Trt","Trt","Trt"
10,"Ctrl","Trt","Trt","Ctrl","Trt","Ctrl","Ctrl","Ctrl","Trt","Trt","Ctrl","Trt","Ctrl","Trt","Trt","Ctrl","Trt","Trt","Ctrl","Ctrl","Trt","Ctrl","Trt","Ctrl","Trt","Ctrl","Ctrl","Ctrl","Trt","Trt","Trt","Ctrl","Trt","Ctrl","Trt","Ctrl","Trt","Trt","Ctrl","Ctrl","Trt","Ctrl","Ctrl","Ctrl","Trt","Trt","Trt","Ctrl","Trt","Ctrl","Trt","Ctrl","Trt","Ctrl","Ctrl","Ctrl","Trt","Trt","Trt","Ctrl","Trt","Ctrl","Ctrl","Trt","Trt","Trt","Ctrl","Ctrl","Ctrl","Trt","Trt","Trt","Ctrl","Ctrl","Trt","Ctrl","Trt","Trt","Trt","Ctrl","Ctrl","Ctrl","Trt","Ctrl","Trt","Ctrl","Ctrl","Trt","Ctrl","Trt","Trt","Ctrl","Trt","Ctrl","Trt","Trt","Ctrl","Ctrl","Trt","Ctrl","Trt","Ctrl","Trt","Ctrl","Ctrl","Trt","Ctrl","Ctrl","Trt","Trt","Trt","Ctrl","Ctrl","Trt","Ctrl","Ctrl","Trt","Trt","Trt","Trt"
11,"Ctrl","Trt","Trt","Ctrl","Trt","Ctrl","Ctrl","Ctrl","Trt","Trt","Ctrl","Trt","Ctrl","Trt","Trt","Ctrl","Trt","Trt","Ctrl","Ctrl","Trt","Ctrl","Trt","Ctrl","Trt","Ctrl","Ctrl","Ctrl","Trt","Trt","Trt","Ctrl","Trt","Ctrl","Trt","Ctrl","Trt","Trt","Ctrl","Ctrl","Trt","Ctrl","Ctrl","Ctrl","Trt","Trt","Trt","Ctrl","Trt","Ctrl","Trt","Ctrl","Trt","Ctrl","Ctrl","Ctrl","Trt","Trt","Trt","Ctrl","Trt","Ctrl","Ctrl","Trt","Trt","Trt","Ctrl","Ctrl","Ctrl","Trt","Trt","Trt","Ctrl","Ctrl","Trt","Ctrl","Trt","Trt","Trt","Ctrl","Ctrl","Ctrl","Trt","Ctrl","Trt","Ctrl","Ctrl","Trt","Ctrl","Trt","Trt","Ctrl","Trt","Ctrl","Trt","Trt","Ctrl","Ctrl","Trt","Ctrl","Trt","Ctrl","Trt","Ctrl","Ctrl","Trt","Ctrl","Ctrl","Trt","Trt","Trt","Ctrl","Ctrl","Trt","Ctrl","Ctrl","Trt","Trt","Trt","Trt"
12,"Ctrl","Trt","Trt","Ctrl","Trt","Ctrl","Ctrl","Ctrl","Trt","Trt","Ctrl","Trt","Ctrl","Trt","Trt","Ctrl","Trt","Trt","Ctrl","Ctrl","Trt","Ctrl","Trt","Ctrl","Trt","Ctrl","Ctrl","Ctrl","Trt","Trt","Trt","Ctrl","Trt","Ctrl","Trt","Ctrl","Trt","Trt","Ctrl","Ctrl","Trt","Ctrl","Ctrl","Ctrl","Trt","Trt","Trt","Ctrl","Trt","Ctrl","Trt","Ctrl","Trt","Ctrl","Ctrl","Ctrl","Trt","Trt","Trt","Ctrl","Trt","Ctrl","Ctrl","Trt","Trt","Trt","Ctrl","Ctrl","Ctrl","Trt","Trt","Trt","Ctrl","Ctrl","Trt","Ctrl","Trt","Trt","Trt","Ctrl","Ctrl","Ctrl","Trt","Ctrl","Trt","Ctrl","Ctrl","Trt","Ctrl","Trt","Trt","Ctrl","Trt","Ctrl","Trt","Trt","Ctrl","Ctrl","Trt","Ctrl","Trt","Ctrl","Trt","Ctrl","Ctrl","Trt","Ctrl","Ctrl","Trt","Trt","Trt","Ctrl","Ctrl","Trt","Ctrl","Ctrl","Trt","Trt","Trt","Trt"
13,"Ctrl","Trt","Trt","Ctrl","Trt","Ctrl","Ctrl","Ctrl","Trt","Trt","Ctrl","Trt","Ctrl","Trt","Trt","Ctrl","Trt","Trt","Ctrl","Ctrl","Trt","Ctrl","Trt","Ctrl","Trt","Ctrl","Ctrl","Ctrl","Trt","Trt","Trt","Ctrl","Trt","Ctrl","Trt","Ctrl","Trt","Trt","Ctrl","Ctrl","Trt","Ctrl","Ctrl","Ctrl","Trt","Trt","Trt","Ctrl","Trt","Ctrl","Trt","Ctrl","Trt","Ctrl","Ctrl","Ctrl","Trt","Trt","Trt","Ctrl","Trt","Ctrl","Ctrl","Trt","Trt","Trt","Ctrl","Ctrl","Ctrl","Trt","Trt","Trt","Ctrl","Ctrl","Trt","Ctrl","Trt","Trt","Trt","Ctrl","Ctrl","Ctrl","Trt","Ctrl","Trt","Ctrl","Ctrl","Trt","Ctrl","Trt","Trt","Ctrl","Trt","Ctrl","Trt","Trt","Ctrl","Ctrl","Trt","Ctrl","Trt","Ctrl","Trt","Ctrl","Ctrl","Trt","Ctrl","Ctrl","Trt","Trt","Trt","Ctrl","Ctrl","Trt","Ctrl","Ctrl","Trt","Trt","Trt","Trt"
14,"Ctrl","Trt","Trt","Ctrl","Trt","Ctrl","Ctrl","Ctrl","Trt","Trt","Ctrl","Trt","Ctrl","Trt","Trt","Ctrl","Trt","Trt","Ctrl","Ctrl","Trt","Ctrl","Trt","Ctrl","Trt","Ctrl","Ctrl","Ctrl","Trt","Trt","Trt","Ctrl","Trt","Ctrl","Trt","Ctrl","Trt","Trt","Ctrl","Ctrl","Trt","Ctrl","Ctrl","Ctrl","Trt","Trt","Trt","Ctrl","Trt","Ctrl","Trt","Ctrl","Trt","Ctrl","Ctrl","Ctrl","Trt","Trt","Trt","Ctrl","Trt","Ctrl","Ctrl","Trt","Trt","Trt","Ctrl","Ctrl","Ctrl","Trt","Trt","Trt","Ctrl","Ctrl","Trt","Ctrl","Trt","Trt","Trt","Ctrl","Ctrl","Ctrl","Trt","Ctrl","Trt","Ctrl","Ctrl","Trt","Ctrl","Trt","Trt","Ctrl","Trt","Ctrl","Trt","Trt","Ctrl","Ctrl","Trt","Ctrl","Trt","Ctrl","Trt","Ctrl","Ctrl","Trt","Ctrl","Ctrl","Trt","Trt","Trt","Ctrl","Ctrl","Trt","Ctrl","Ctrl","Trt","Trt","Trt","Trt"
15,"Ctrl","Trt","Trt","Ctrl","Trt","Ctrl","Ctrl","Ctrl","Trt","Trt","Ctrl","Trt","Ctrl","Trt","Trt","Ctrl","Trt","Trt","Ctrl","Ctrl","Trt","Ctrl","Trt","Ctrl","Trt","Ctrl","Ctrl","Ctrl","Trt","Trt","Trt","Ctrl","Trt","Ctrl","Trt","Ctrl","Trt","Trt","Ctrl","Ctrl","Trt","Ctrl","Ctrl","Ctrl","Trt","Trt","Trt","Ctrl","Trt","Ctrl","Trt","Ctrl","Trt","Ctrl","Ctrl","Ctrl","Trt","Trt","Trt","Ctrl","Trt","Ctrl","Ctrl","Trt","Trt","Trt","Ctrl","Ctrl","Ctrl","Trt","Trt","Trt","Ctrl","Ctrl","Trt","Ctrl","Trt","Trt","Trt","Ctrl","Ctrl","Ctrl","Trt","Ctrl","Trt","Ctrl","Ctrl","Trt","Ctrl","Trt","Trt","Ctrl","Trt","Ctrl","Trt","Trt","Ctrl","Ctrl","Trt","Ctrl","Trt","Ctrl","Trt","Ctrl","Ctrl","Trt","Ctrl","Ctrl","Trt","Trt","Trt","Ctrl","Ctrl","Trt","Ctrl","Ctrl","Trt","Trt","Trt","Trt"
16,"Ctrl","Trt","Trt","Ctrl","Trt","Ctrl","Ctrl","Ctrl","Trt","Trt","Ctrl","Trt","Ctrl","Trt","Trt","Ctrl","Trt","Trt","Ctrl","Ctrl","Trt","Ctrl","Trt","Ctrl","Trt","Ctrl","Ctrl","Ctrl","Trt","Trt","Trt","Ctrl","Trt","Ctrl","Trt","Ctrl","Trt","Trt","Ctrl","Ctrl","Trt","Ctrl","Ctrl","Ctrl","Trt","Trt","Trt","Ctrl","Trt","Ctrl","Trt","Ctrl","Trt","Ctrl","Ctrl","Ctrl","Trt","Trt","Trt","Ctrl","Trt","Ctrl","Ctrl","Trt","Trt","Trt","Ctrl","Ctrl","Ctrl","Trt","Trt","Trt","Ctrl","Ctrl","Trt","Ctrl","Trt","Trt","Trt","Ctrl","Ctrl","Ctrl","Trt","Ctrl","Trt","Ctrl","Ctrl","Trt","Ctrl","Trt","Trt","Ctrl","Trt","Ctrl","Trt","Trt","Ctrl","Ctrl","Trt","Ctrl","Trt","Ctrl","Trt","Ctrl","Ctrl","Trt","Ctrl","Ctrl","Trt","Trt","Trt","Ctrl","Ctrl","Trt","Ctrl","Ctrl","Trt","Trt","Trt","Trt"
17,"Ctrl","Trt","Trt","Ctrl","Trt","Ctrl","Ctrl","Ctrl","Trt","Trt","Ctrl","Trt","Ctrl","Trt","Trt","Ctrl","Trt","Trt","Ctrl","Ctrl","Trt","Ctrl","Trt","Ctrl","Trt","Ctrl","Ctrl","Ctrl","Trt","Trt","Trt","Ctrl","Trt","Ctrl","Trt","Ctrl","Trt","Trt","Ctrl","Ctrl","Trt","Ctrl","Ctrl","Ctrl","Trt","Trt","Trt","Ctrl","Trt","Ctrl","Trt","Ctrl","Trt","Ctrl","Ctrl","Ctrl","Trt","Trt","Trt","Ctrl","Trt","Ctrl","Ctrl","Trt","Trt","Trt","Ctrl","Ctrl","Ctrl","Trt","Trt","Trt","Ctrl","Ctrl","Trt","Ctrl","Trt","Trt","Trt","Ctrl","Ctrl","Ctrl","Trt","Ctrl","Trt","Ctrl","Ctrl","Trt","Ctrl","Trt","Trt","Ctrl","Trt","Ctrl","Trt","Trt","Ctrl","Ctrl","Trt","Ctrl","Trt","Ctrl","Trt","Ctrl","Ctrl","Trt","Ctrl","Ctrl","Trt","Trt","Trt","Ctrl","Ctrl","Trt","Ctrl","Ctrl","Trt","Trt","Trt","Trt"
18,"Ctrl","Trt","Trt","Ctrl","Trt","Ctrl","Ctrl","Ctrl","Trt","Trt","Ctrl","Trt","Ctrl","Trt","Trt","Ctrl","Trt","Trt","Ctrl","Ctrl","Trt","Ctrl","Trt","Ctrl","Trt","Ctrl","Ctrl","Ctrl","Trt","Trt","Trt","Ctrl","Trt","Ctrl","Trt","Ctrl","Trt","Trt","Ctrl","Ctrl","Trt","Ctrl","Ctrl","Ctrl","Trt","Trt","Trt","Ctrl","Trt","Ctrl","Trt","Ctrl","Trt","Ctrl","Ctrl","Ctrl","Trt","Trt","Trt","Ctrl","Trt","Ctrl","Ctrl","Trt","Trt","Trt","Ctrl","Ctrl","Ctrl","Trt","Trt","Trt","Ctrl","Ctrl","Trt","Ctrl","Trt","Trt","Trt","Ctrl","Ctrl","Ctrl","Trt","Ctrl","Trt","Ctrl","Ctrl","Trt","Ctrl","Trt","Trt","Ctrl","Trt","Ctrl","Trt","Trt","Ctrl","Ctrl","Trt","Ctrl","Trt","Ctrl","Trt","Ctrl","Ctrl","Trt","Ctrl","Ctrl","Trt","Trt","Trt","Ctrl","Ctrl","Trt","Ctrl","Ctrl","Trt","Trt","Trt","Trt"
19,"Ctrl","Trt","Trt","Ctrl","Trt","Ctrl","Ctrl","Ctrl","Trt","Trt","Ctrl","Trt","Ctrl","Trt","Trt","Ctrl","Trt","Trt","Ctrl","Ctrl","Trt","Ctrl","Trt","Ctrl","Trt","Ctrl","Ctrl","Ctrl","Trt","Trt","Trt","Ctrl","Trt","Ctrl","Trt","Ctrl","Trt","Trt","Ctrl","Ctrl","Trt","Ctrl","Ctrl","Ctrl","Trt","Trt","Trt","Ctrl","Trt","Ctrl","Trt","Ctrl","Trt","Ctrl","Ctrl","Ctrl","Trt","Trt","Trt","Ctrl","Trt","Ctrl","Ctrl","Trt","Trt","Trt","Ctrl","Ctrl","Ctrl","Trt","Trt","Trt","Ctrl","Ctrl","Trt","Ctrl","Trt","Trt","Trt","Ctrl","Ctrl","Ctrl","Trt","Ctrl","Trt","Ctrl","Ctrl","Trt","Ctrl","Trt","Trt","Ctrl","Trt","Ctrl","Trt","Trt","Ctrl","Ctrl","Trt","Ctrl","Trt","Ctrl","Trt","Ctrl","Ctrl","Trt","Ctrl","Ctrl","Trt","Trt","Trt","Ctrl","Ctrl","Trt","Ctrl","Ctrl","Trt","Trt","Trt","Trt"
20,"Ctrl","Trt","Trt","Ctrl","Trt","Ctrl","Ctrl","Ctrl","Trt","Trt","Ctrl","Trt","Ctrl","Trt","Trt","Ctrl","Trt","Trt","Ctrl","Ctrl","Trt","Ctrl","Trt","Ctrl","Trt","Ctrl","Ctrl","Ctrl","Trt","Trt","Trt","Ctrl","Trt","Ctrl","Trt","Ctrl","Trt","Trt","Ctrl","Ctrl","Trt","Ctrl","Ctrl","Ctrl","Trt","Trt","Trt","Ctrl","Trt","Ctrl","Trt","Ctrl","Trt","Ctrl","Ctrl","Ctrl","Trt","Trt","Trt","Ctrl","Trt","Ctrl","Ctrl","Trt","Trt","Trt","Ctrl","Ctrl","Ctrl","Trt","Trt","Trt","Ctrl","Ctrl","Trt","Ctrl","Trt","Trt","Trt","Ctrl","Ctrl","Ctrl","Trt","Ctrl","Trt","Ctrl","Ctrl","Trt","Ctrl","Trt","Trt","Ctrl","Trt","Ctrl","Trt","Trt","Ctrl","Ctrl","Trt","Ctrl","Trt","Ctrl","Trt","Ctrl","Ctrl","Trt","Ctrl","Ctrl","Trt","Trt","Trt","Ctrl","Ctrl","Trt","Ctrl","Ctrl","Trt","Trt","Trt","Trt"
21,"Ctrl","Trt","Trt","Ctrl","Trt","Ctrl","Ctrl","Ctrl","Trt","Trt","Ctrl","Trt","Ctrl","Trt","Trt","Ctrl","Trt","Trt","Ctrl","Ctrl","Trt","Ctrl","Trt","Ctrl","Trt","Ctrl","Ctrl","Ctrl","Trt","Trt","Trt","Ctrl","Trt","Ctrl","Trt","Ctrl","Trt","Trt","Ctrl","Ctrl","Trt","Ctrl","Ctrl","Ctrl","Trt","Trt","Trt","Ctrl","Trt","Ctrl","Trt","Ctrl","Trt","Ctrl","Ctrl","Ctrl","Trt","Trt","Trt","Ctrl","Trt","Ctrl","Ctrl","Trt","Trt","Trt","Ctrl","Ctrl","Ctrl","Trt","Trt","Trt","Ctrl","Ctrl","Trt","Ctrl","Trt","Trt","Trt","Ctrl","Ctrl","Ctrl","Trt","Ctrl","Trt","Ctrl","Ctrl","Trt","Ctrl","Trt","Trt","Ctrl","Trt","Ctrl","Trt","Trt","Ctrl","Ctrl","Trt","Ctrl","Trt","Ctrl","Trt","Ctrl","Ctrl","Trt","Ctrl","Ctrl","Trt","Trt","Trt","Ctrl","Ctrl","Trt","Ctrl","Ctrl","Trt","Trt","Trt","Trt"
22,"Ctrl","Trt","Trt","Ctrl","Trt","Ctrl","Ctrl","Ctrl","Trt","Trt","Ctrl","Trt","Ctrl","Trt","Trt","Ctrl","Trt","Trt","Ctrl","Ctrl","Trt","Ctrl","Trt","Ctrl","Trt","Ctrl","Ctrl","Ctrl","Trt","Trt","Trt","Ctrl","Trt","Ctrl","Trt","Ctrl","Trt","Trt","Ctrl","Ctrl","Trt","Ctrl","Ctrl","Ctrl","Trt","Trt","Trt","Ctrl","Trt","Ctrl","Trt","Ctrl","Trt","Ctrl","Ctrl","Ctrl","Trt","Trt","Trt","Ctrl","Trt","Ctrl","Ctrl","Trt","Trt","Trt","Ctrl","Ctrl","Ctrl","Trt","Trt","Trt","Ctrl","Ctrl","Trt","Ctrl","Trt","Trt","Trt","Ctrl","Ctrl","Ctrl","Trt","Ctrl","Trt","Ctrl","Ctrl","Trt","Ctrl","Trt","Trt","Ctrl","Trt","Ctrl","Trt","Trt","Ctrl","Ctrl","Trt","Ctrl","Trt","Ctrl","Trt","Ctrl","Ctrl","Trt","Ctrl","Ctrl","Trt","Trt","Trt","Ctrl","Ctrl","Trt","Ctrl","Ctrl","Trt","Trt","Trt","Trt"
23,"Ctrl","Trt","Trt","Ctrl","Trt","Ctrl","Ctrl","Ctrl","Trt","Trt","Ctrl","Trt","Ctrl","Trt","Trt","Ctrl","Trt","Trt","Ctrl","Ctrl","Trt","Ctrl","Trt","Ctrl","Trt","Ctrl","Ctrl","Ctrl","Trt","Trt","Trt","Ctrl","Trt","Ctrl","Trt","Ctrl","Trt","Trt","Ctrl","Ctrl","Trt","Ctrl","Ctrl","Ctrl","Trt","Trt","Trt","Ctrl","Trt","Ctrl","Trt","Ctrl","Trt","Ctrl","Ctrl","Ctrl","Trt","Trt","Trt","Ctrl","Trt","Ctrl","Ctrl","Trt","Trt","Trt","Ctrl","Ctrl","Ctrl","Trt","Trt","Trt","Ctrl","Ctrl","Trt","Ctrl","Trt","Trt","Trt","Ctrl","Ctrl","Ctrl","Trt","Ctrl","Trt","Ctrl","Ctrl","Trt","Ctrl","Trt","Trt","Ctrl","Trt","Ctrl","Trt","Trt","Ctrl","Ctrl","Trt","Ctrl","Trt","Ctrl","Trt","Ctrl","Ctrl","Trt","Ctrl","Ctrl","Trt","Trt","Trt","Ctrl","Ctrl","Trt","Ctrl","Ctrl","Trt","Trt","Trt","Trt"
24,"Ctrl","Trt","Trt","Ctrl","Trt","Ctrl","Ctrl","Ctrl","Trt","Trt","Ctrl","Trt","Ctrl","Trt","Trt","Ctrl","Trt","Trt","Ctrl","Ctrl","Trt","Ctrl","Trt","Ctrl","Trt","Ctrl","Ctrl","Ctrl","Trt","Trt","Trt","Ctrl","Trt","Ctrl","Trt","Ctrl","Trt","Trt","Ctrl","Ctrl","Trt","Ctrl","Ctrl","Ctrl","Trt","Trt","Trt","Ctrl","Trt","Ctrl","Trt","Ctrl","Trt","Ctrl","Ctrl","Ctrl","Trt","Trt","Trt","Ctrl","Trt","Ctrl","Ctrl","Trt","Trt","Trt","Ctrl","Ctrl","Ctrl","Trt","Trt","Trt","Ctrl","Ctrl","Trt","Ctrl","Trt","Trt","Trt","Ctrl","Ctrl","Ctrl","Trt","Ctrl","Trt","Ctrl","Ctrl","Trt","Ctrl","Trt","Trt","Ctrl","Trt","Ctrl","Trt","Trt","Ctrl","Ctrl","Trt","Ctrl","Trt","Ctrl","Trt","Ctrl","Ctrl","Trt","Ctrl","Ctrl","Trt","Trt","Trt","Ctrl","Ctrl","Trt","Ctrl","Ctrl","Trt","Trt","Trt","Trt"
25,"Ctrl","Trt","Trt","Ctrl","Trt","Ctrl","Ctrl","Ctrl","Trt","Trt","Ctrl","Trt","Ctrl","Trt","Trt","Ctrl","Trt","Trt","Ctrl","Ctrl","Trt","Ctrl","Trt","Ctrl","Trt","Ctrl","Ctrl","Ctrl","Trt","Trt","Trt","Ctrl","Trt","Ctrl","Trt","Ctrl","Trt","Trt","Ctrl","Ctrl","Trt","Ctrl","Ctrl","Ctrl","Trt","Trt","Trt","Ctrl","Trt","Ctrl","Trt","Ctrl","Trt","Ctrl","Ctrl","Ctrl","Trt","Trt","Trt","Ctrl","Trt","Ctrl","Ctrl","Trt","Trt","Trt","Ctrl","Ctrl","Ctrl","Trt","Trt","Trt","Ctrl","Ctrl","Trt","Ctrl","Trt","Trt","Trt","Ctrl","Ctrl","Ctrl","Trt","Ctrl","Trt","Ctrl","Ctrl","Trt","Ctrl","Trt","Trt","Ctrl","Trt","Ctrl","Trt","Trt","Ctrl","Ctrl","Trt","Ctrl","Trt","Ctrl","Trt","Ctrl","Ctrl","Trt","Ctrl","Ctrl","Trt","Trt","Trt","Ctrl","Ctrl","Trt","Ctrl","Ctrl","Trt","Trt","Trt","Trt"
26,"Ctrl","Trt","Trt","Ctrl","Trt","Ctrl","Ctrl","Ctrl","Trt","Trt","Ctrl","Trt","Ctrl","Trt","Trt","Ctrl","Trt","Trt","Ctrl","Ctrl","Trt","Ctrl","Trt","Ctrl","Trt","Ctrl","Ctrl","Ctrl","Trt","Trt","Trt","Ctrl","Trt","Ctrl","Trt","Ctrl","Trt","Trt","Ctrl","Ctrl","Trt","Ctrl","Ctrl","Ctrl","Trt","Trt","Trt","Ctrl","Trt","Ctrl","Trt","Ctrl","Trt","Ctrl","Ctrl","Ctrl","Trt","Trt","Trt","Ctrl","Trt","Ctrl","Ctrl","Trt","Trt","Trt","Ctrl","Ctrl","Ctrl","Trt","Trt","Trt","Ctrl","Ctrl","Trt","Ctrl","Trt","Trt","Trt","Ctrl","Ctrl","Ctrl","Trt","Ctrl","Trt","Ctrl","Ctrl","Trt","Ctrl","Trt","Trt","Ctrl","Trt","Ctrl","Trt","Trt","Ctrl","Ctrl","Trt","Ctrl","Trt","Ctrl","Trt","Ctrl","Ctrl","Trt","Ctrl","Ctrl","Trt","Trt","Trt","Ctrl","Ctrl","Trt","Ctrl","Ctrl","Trt","Trt","Trt","Trt"
27,"Ctrl","Trt","Trt","Ctrl","Trt","Ctrl","Ctrl","Ctrl","Trt","Trt","Ctrl","Trt","Ctrl","Trt","Trt","Ctrl","Trt","Trt","Ctrl","Ctrl","Trt","Ctrl","Trt","Ctrl","Trt","Ctrl","Ctrl","Ctrl","Trt","Trt","Trt","Ctrl","Trt","Ctrl","Trt","Ctrl","Trt","Trt","Ctrl","Ctrl","Trt","Ctrl","Ctrl","Ctrl","Trt","Trt","Trt","Ctrl","Trt","Ctrl","Trt","Ctrl","Trt","Ctrl","Ctrl","Ctrl","Trt","Trt","Trt","Ctrl","Trt","Ctrl","Ctrl","Trt","Trt","Trt","Ctrl","Ctrl","Ctrl","Trt","Trt","Trt","Ctrl","Ctrl","Trt","Ctrl","Trt","Trt","Trt","Ctrl","Ctrl","Ctrl","Trt","Ctrl","Trt","Ctrl","Ctrl","Trt","Ctrl","Trt","Trt","Ctrl","Trt","Ctrl","Trt","Trt","Ctrl","Ctrl","Trt","Ctrl","Trt","Ctrl","Trt","Ctrl","Ctrl","Trt","Ctrl","Ctrl","Trt","Trt","Trt","Ctrl","Ctrl","Trt","Ctrl","Ctrl","Trt","Trt","Trt","Trt"
28,"Ctrl","Trt","Trt","Ctrl","Trt","Ctrl","Ctrl","Ctrl","Trt","Trt","Ctrl","Trt","Ctrl","Trt","Trt","Ctrl","Trt","Trt","Ctrl","Ctrl","Trt","Ctrl","Trt","Ctrl","Trt","Ctrl","Ctrl","Ctrl","Trt","Trt","Trt","Ctrl","Trt","Ctrl","Trt","Ctrl","Trt","Trt","Ctrl","Ctrl","Trt","Ctrl","Ctrl","Ctrl","Trt","Trt","Trt","Ctrl","Trt","Ctrl","Trt","Ctrl","Trt","Ctrl","Ctrl","Ctrl","Trt","Trt","Trt","Ctrl","Trt","Ctrl","Ctrl","Trt","Trt","Trt","Ctrl","Ctrl","Ctrl","Trt","Trt","Trt","Ctrl","Ctrl","Trt","Ctrl","Trt","Trt","Trt","Ctrl","Ctrl","Ctrl","Trt","Ctrl","Trt","Ctrl","Ctrl","Trt","Ctrl","Trt","Trt","Ctrl","Trt","Ctrl","Trt","Trt","Ctrl","Ctrl","Trt","Ctrl","Trt","Ctrl","Trt","Ctrl","Ctrl","Trt","Ctrl","Ctrl","Trt","Trt","Trt","Ctrl","Ctrl","Trt","Ctrl","Ctrl","Trt","Trt","Trt","Trt"
29,"Ctrl","Trt","Trt","Ctrl","Trt","Ctrl","Ctrl","Ctrl","Trt","Trt","Ctrl","Trt","Ctrl","Trt","Trt","Ctrl","Trt","Trt","Ctrl","Ctrl","Trt","Ctrl","Trt","Ctrl","Trt","Ctrl","Ctrl","Ctrl","Trt","Trt","Trt","Ctrl","Trt","Ctrl","Trt","Ctrl","Trt","Trt","Ctrl","Ctrl","Trt","Ctrl","Ctrl","Ctrl","Trt","Trt","Trt","Ctrl","Trt","Ctrl","Trt","Ctrl","Trt","Ctrl","Ctrl","Ctrl","Trt","Trt","Trt","Ctrl","Trt","Ctrl","Ctrl","Trt","Trt","Trt","Ctrl","Ctrl","Ctrl","Trt","Trt","Trt","Ctrl","Ctrl","Trt","Ctrl","Trt","Trt","Trt","Ctrl","Ctrl","Ctrl","Trt","Ctrl","Trt","Ctrl","Ctrl","Trt","Ctrl","Trt","Trt","Ctrl","Trt","Ctrl","Trt","Trt","Ctrl","Ctrl","Trt","Ctrl","Trt","Ctrl","Trt","Ctrl","Ctrl","Trt","Ctrl","Ctrl","Trt","Trt","Trt","Ctrl","Ctrl","Trt","Ctrl","Ctrl","Trt","Trt","Trt","Trt"
30,"Ctrl","Trt","Trt","Ctrl","Trt","Ctrl","Ctrl","Ctrl","Trt","Trt","Ctrl","Trt","Ctrl","Trt","Trt","Ctrl","Trt","Trt","Ctrl","Ctrl","Trt","Ctrl","Trt","Ctrl","Trt","Ctrl","Ctrl","Ctrl","Trt","Trt","Trt","Ctrl","Trt","Ctrl","Trt","Ctrl","Trt","Trt","Ctrl","Ctrl","Trt","Ctrl","Ctrl","Ctrl","Trt","Trt","Trt","Ctrl","Trt","Ctrl","Trt","Ctrl","Trt","Ctrl","Ctrl","Ctrl","Trt","Trt","Trt","Ctrl","Trt","Ctrl","Ctrl","Trt","Trt","Trt","Ctrl","Ctrl","Ctrl","Trt","Trt","Trt","Ctrl","Ctrl","Trt","Ctrl","Trt","Trt","Trt","Ctrl","Ctrl","Ctrl","Trt","Ctrl","Trt","Ctrl","Ctrl","Trt","Ctrl","Trt","Trt","Ctrl","Trt","Ctrl","Trt","Trt","Ctrl","Ctrl","Trt","Ctrl","Trt","Ctrl","Trt","Ctrl","Ctrl","Trt","Ctrl","Ctrl","Trt","Trt","Trt","Ctrl","Ctrl","Trt","Ctrl","Ctrl","Trt","Trt","Trt","Trt"
31,"Ctrl","Trt","Trt","Ctrl","Trt","Ctrl","Ctrl","Ctrl","Trt","Trt","Ctrl","Trt","Ctrl","Trt","Trt","Ctrl","Trt","Trt","Ctrl","Ctrl","Trt","Ctrl","Trt","Ctrl","Trt","Ctrl","Ctrl","Ctrl","Trt","Trt","Trt","Ctrl","Trt","Ctrl","Trt","Ctrl","Trt","Trt","Ctrl","Ctrl","Trt","Ctrl","Ctrl","Ctrl","Trt","Trt","Trt","Ctrl","Trt","Ctrl","Trt","Ctrl","Trt","Ctrl","Ctrl","Ctrl","Trt","Trt","Trt","Ctrl","Trt","Ctrl","Ctrl","Trt","Trt","Trt","Ctrl","Ctrl","Ctrl","Trt","Trt","Trt","Ctrl","Ctrl","Trt","Ctrl","Trt","Trt","Trt","Ctrl","Ctrl","Ctrl","Trt","Ctrl","Trt","Ctrl","Ctrl","Trt","Ctrl","Trt","Trt","Ctrl","Trt","Ctrl","Trt","Trt","Ctrl","Ctrl","Trt","Ctrl","Trt","Ctrl","Trt","Ctrl","Ctrl","Trt","Ctrl","Ctrl","Trt","Trt","Trt","Ctrl","Ctrl","Trt","Ctrl","Ctrl","Trt","Trt","Trt","Trt"
32,"Ctrl","Trt","Trt","Ctrl","Trt","Ctrl","Ctrl","Ctrl","Trt","Trt","Ctrl","Trt","Ctrl","Trt","Trt","Ctrl","Trt","Trt","Ctrl","Ctrl","Trt","Ctrl","Trt","Ctrl","Trt","Ctrl","Ctrl","Ctrl","Trt","Trt","Trt","Ctrl","Trt","Ctrl","Trt","Ctrl","Trt","Trt","Ctrl","Ctrl","Trt","Ctrl","Ctrl","Ctrl","Trt","Trt","Trt","Ctrl","Trt","Ctrl","Trt","Ctrl","Trt","Ctrl","Ctrl","Ctrl","Trt","Trt","Trt","Ctrl","Trt","Ctrl","Ctrl","Trt","Trt","Trt","Ctrl","Ctrl","Ctrl","Trt","Trt","Trt","Ctrl","Ctrl","Trt","Ctrl","Trt","Trt","Trt","Ctrl","Ctrl","Ctrl","Trt","Ctrl","Trt","Ctrl","Ctrl","Trt","Ctrl","Trt","Trt","Ctrl","Trt","Ctrl","Trt","Trt","Ctrl","Ctrl","Trt","Ctrl","Trt","Ctrl","Trt","Ctrl","Ctrl","Trt","Ctrl","Ctrl","Trt","Trt","Trt","Ctrl","Ctrl","Trt","Ctrl","Ctrl","Trt","Trt","Trt","Trt"
33,"Ctrl","Trt","Trt","Ctrl","Trt","Ctrl","Ctrl","Ctrl","Trt","Trt","Ctrl","Trt","Ctrl","Trt","Trt","Ctrl","Trt","Trt","Ctrl","Ctrl","Trt","Ctrl","Trt","Ctrl","Trt","Ctrl","Ctrl","Ctrl","Trt","Trt","Trt","Ctrl","Trt","Ctrl","Trt","Ctrl","Trt","Trt","Ctrl","Ctrl","Trt","Ctrl","Ctrl","Ctrl","Trt","Trt","Trt","Ctrl","Trt","Ctrl","Trt","Ctrl","Trt","Ctrl","Ctrl","Ctrl","Trt","Trt","Trt","Ctrl","Trt","Ctrl","Ctrl","Trt","Trt","Trt","Ctrl","Ctrl","Ctrl","Trt","Trt","Trt","Ctrl","Ctrl","Trt","Ctrl","Trt","Trt","Trt","Ctrl","Ctrl","Ctrl","Trt","Ctrl","Trt","Ctrl","Ctrl","Trt","Ctrl","Trt","Trt","Ctrl","Trt","Ctrl","Trt","Trt","Ctrl","Ctrl","Trt","Ctrl","Trt","Ctrl","Trt","Ctrl","Ctrl","Trt","Ctrl","Ctrl","Trt","Trt","Trt","Ctrl","Ctrl","Trt","Ctrl","Ctrl","Trt","Trt","Trt","Trt"
34,"Ctrl","Trt","Trt","Ctrl","Trt","Ctrl","Ctrl","Ctrl","Trt","Trt","Ctrl","Trt","Ctrl","Trt","Trt","Ctrl","Trt","Trt","Ctrl","Ctrl","Trt","Ctrl","Trt","Ctrl","Trt","Ctrl","Ctrl","Ctrl","Trt","Trt","Trt","Ctrl","Trt","Ctrl","Trt","Ctrl","Trt","Trt","Ctrl","Ctrl","Trt","Ctrl","Ctrl","Ctrl","Trt","Trt","Trt","Ctrl","Trt","Ctrl","Trt","Ctrl","Trt","Ctrl","Ctrl","Ctrl","Trt","Trt","Trt","Ctrl","Trt","Ctrl","Ctrl","Trt","Trt","Trt","Ctrl","Ctrl","Ctrl","Trt","Trt","Trt","Ctrl","Ctrl","Trt","Ctrl","Trt","Trt","Trt","Ctrl","Ctrl","Ctrl","Trt","Ctrl","Trt","Ctrl","Ctrl","Trt","Ctrl","Trt","Trt","Ctrl","Trt","Ctrl","Trt","Trt","Ctrl","Ctrl","Trt","Ctrl","Trt","Ctrl","Trt","Ctrl","Ctrl","Trt","Ctrl","Ctrl","Trt","Trt","Trt","Ctrl","Ctrl","Trt","Ctrl","Ctrl","Trt","Trt","Trt","Trt"
35,"Ctrl","Trt","Trt","Ctrl","Trt","Ctrl","Ctrl","Ctrl","Trt","Trt","Ctrl","Trt","Ctrl","Trt","Trt","Ctrl","Trt","Trt","Ctrl","Ctrl","Trt","Ctrl","Trt","Ctrl","Trt","Ctrl","Ctrl","Ctrl","Trt","Trt","Trt","Ctrl","Trt","Ctrl","Trt","Ctrl","Trt","Trt","Ctrl","Ctrl","Trt","Ctrl","Ctrl","Ctrl","Trt","Trt","Trt","Ctrl","Trt","Ctrl","Trt","Ctrl","Trt","Ctrl","Ctrl","Ctrl","Trt","Trt","Trt","Ctrl","Trt","Ctrl","Ctrl","Trt","Trt","Trt","Ctrl","Ctrl","Ctrl","Trt","Trt","Trt","Ctrl","Ctrl","Trt","Ctrl","Trt","Trt","Trt","Ctrl","Ctrl","Ctrl","Trt","Ctrl","Trt","Ctrl","Ctrl","Trt","Ctrl","Trt","Trt","Ctrl","Trt","Ctrl","Trt","Trt","Ctrl","Ctrl","Trt","Ctrl","Trt","Ctrl","Trt","Ctrl","Ctrl","Trt","Ctrl","Ctrl","Trt","Trt","Trt","Ctrl","Ctrl","Trt","Ctrl","Ctrl","Trt","Trt","Trt","Trt"
36,"Ctrl","Trt","Trt","Ctrl","Trt","Ctrl","Ctrl","Ctrl","Trt","Trt","Ctrl","Trt","Ctrl","Trt","Trt","Ctrl","Trt","Trt","Ctrl","Ctrl","Trt","Ctrl","Trt","Ctrl","Trt","Ctrl","Ctrl","Ctrl","Trt","Trt","Trt","Ctrl","Trt","Ctrl","Trt","Ctrl","Trt","Trt","Ctrl","Ctrl","Trt","Ctrl","Ctrl","Ctrl","Trt","Trt","Trt","Ctrl","Trt","Ctrl","Trt","Ctrl","Trt","Ctrl","Ctrl","Ctrl","Trt","Trt","Trt","Ctrl","Trt","Ctrl","Ctrl","Trt","Trt","Trt","Ctrl","Ctrl","Ctrl","Trt","Trt","Trt","Ctrl","Ctrl","Trt","Ctrl","Trt","Trt","Trt","Ctrl","Ctrl","Ctrl","Trt","Ctrl","Trt","Ctrl","Ctrl","Trt","Ctrl","Trt","Trt","Ctrl","Trt","Ctrl","Trt","Trt","Ctrl","Ctrl","Trt","Ctrl","Trt","Ctrl","Trt","Ctrl","Ctrl","Trt","Ctrl","Ctrl","Trt","Trt","Trt","Ctrl","Ctrl","Trt","Ctrl","Ctrl","Trt","Trt","Trt","Trt"
37,"Ctrl","Trt","Trt","Ctrl","Trt","Ctrl","Ctrl","Ctrl","Trt","Trt","Ctrl","Trt","Ctrl","Trt","Trt","Ctrl","Trt","Trt","Ctrl","Ctrl","Trt","Ctrl","Trt","Ctrl","Trt","Ctrl","Ctrl","Ctrl","Trt","Trt","Trt","Ctrl","Trt","Ctrl","Trt","Ctrl","Trt","Trt","Ctrl","Ctrl","Trt","Ctrl","Ctrl","Ctrl","Trt","Trt","Trt","Ctrl","Trt","Ctrl","Trt","Ctrl","Trt","Ctrl","Ctrl","Ctrl","Trt","Trt","Trt","Ctrl","Trt","Ctrl","Ctrl","Trt","Trt","Trt","Ctrl","Ctrl","Ctrl","Trt","Trt","Trt","Ctrl","Ctrl","Trt","Ctrl","Trt","Trt","Trt","Ctrl","Ctrl","Ctrl","Trt","Ctrl","Trt","Ctrl","Ctrl","Trt","Ctrl","Trt","Trt","Ctrl","Trt","Ctrl","Trt","Trt","Ctrl","Ctrl","Trt","Ctrl","Trt","Ctrl","Trt","Ctrl","Ctrl","Trt","Ctrl","Ctrl","Trt","Trt","Trt","Ctrl","Ctrl","Trt","Ctrl","Ctrl","Trt","Trt","Trt","Trt"
38,"Ctrl","Trt","Trt","Ctrl","Trt","Ctrl","Ctrl","Ctrl","Trt","Trt","Ctrl","Trt","Ctrl","Trt","Trt","Ctrl","Trt","Trt","Ctrl","Ctrl","Trt","Ctrl","Trt","Ctrl","Trt","Ctrl","Ctrl","Ctrl","Trt","Trt","Trt","Ctrl","Trt","Ctrl","Trt","Ctrl","Trt","Trt","Ctrl","Ctrl","Trt","Ctrl","Ctrl","Ctrl","Trt","Trt","Trt","Ctrl","Trt","Ctrl","Trt","Ctrl","Trt","Ctrl","Ctrl","Ctrl","Trt","Trt","Trt","Ctrl","Trt","Ctrl","Ctrl","Trt","Trt","Trt","Ctrl","Ctrl","Ctrl","Trt","Trt","Trt","Ctrl","Ctrl","Trt","Ctrl","Trt","Trt","Trt","Ctrl","Ctrl","Ctrl","Trt","Ctrl","Trt","Ctrl","Ctrl","Trt","Ctrl","Trt","Trt","Ctrl","Trt","Ctrl","Trt","Trt","Ctrl","Ctrl","Trt","Ctrl","Trt","Ctrl","Trt","Ctrl","Ctrl","Trt","Ctrl","Ctrl","Trt","Trt","Trt","Ctrl","Ctrl","Trt","Ctrl","Ctrl","Trt","Trt","Trt","Trt"
39,"Ctrl","Trt","Trt","Ctrl","Trt","Ctrl","Ctrl","Ctrl","Trt","Trt","Ctrl","Trt","Ctrl","Trt","Trt","Ctrl","Trt","Trt","Ctrl","Ctrl","Trt","Ctrl","Trt","Ctrl","Trt","Ctrl","Ctrl","Ctrl","Trt","Trt","Trt","Ctrl","Trt","Ctrl","Trt","Ctrl","Trt","Trt","Ctrl","Ctrl","Trt","Ctrl","Ctrl","Ctrl","Trt","Trt","Trt","Ctrl","Trt","Ctrl","Trt","Ctrl","Trt","Ctrl","Ctrl","Ctrl","Trt","Trt","Trt","Ctrl","Trt","Ctrl","Ctrl","Trt","Trt","Trt","Ctrl","Ctrl","Ctrl","Trt","Trt","Trt","Ctrl","Ctrl","Trt","Ctrl","Trt","Trt","Trt","Ctrl","Ctrl","Ctrl","Trt","Ctrl","Trt","Ctrl","Ctrl","Trt","Ctrl","Trt","Trt","Ctrl","Trt","Ctrl","Trt","Trt","Ctrl","Ctrl","Trt","Ctrl","Trt","Ctrl","Trt","Ctrl","Ctrl","Trt","Ctrl","Ctrl","Trt","Trt","Trt","Ctrl","Ctrl","Trt","Ctrl","Ctrl","Trt","Trt","Trt","Trt"
40,"Ctrl","Trt","Trt","Ctrl","Trt","Ctrl","Ctrl","Ctrl","Trt","Trt","Ctrl","Trt","Ctrl","Trt","Trt","Ctrl","Trt","Trt","Ctrl","Ctrl","Trt","Ctrl","Trt","Ctrl","Trt","Ctrl","Ctrl","Ctrl","Trt","Trt","Trt","Ctrl","Trt","Ctrl","Trt","Ctrl","Trt","Trt","Ctrl","Ctrl","Trt","Ctrl","Ctrl","Ctrl","Trt","Trt","Trt","Ctrl","Trt","Ctrl","Trt","Ctrl","Trt","Ctrl","Ctrl","Ctrl","Trt","Trt","Trt","Ctrl","Trt","Ctrl","Ctrl","Trt","Trt","Trt","Ctrl","Ctrl","Ctrl","Trt","Trt","Trt","Ctrl","Ctrl","Trt","Ctrl","Trt","Trt","Trt","Ctrl","Ctrl","Ctrl","Trt","Ctrl","Trt","Ctrl","Ctrl","Trt","Ctrl","Trt","Trt","Ctrl","Trt","Ctrl","Trt","Trt","Ctrl","Ctrl","Trt","Ctrl","Trt","Ctrl","Trt","Ctrl","Ctrl","Trt","Ctrl","Ctrl","Trt","Trt","Trt","Ctrl","Ctrl","Trt","Ctrl","Ctrl","Trt","Trt","Trt","Trt"
41,"Ctrl","Trt","Trt","Ctrl","Trt","Ctrl","Ctrl","Ctrl","Trt","Trt","Ctrl","Trt","Ctrl","Trt","Trt","Ctrl","Trt","Trt","Ctrl","Ctrl","Trt","Ctrl","Trt","Ctrl","Trt","Ctrl","Ctrl","Ctrl","Trt","Trt","Trt","Ctrl","Trt","Ctrl","Trt","Ctrl","Trt","Trt","Ctrl","Ctrl","Trt","Ctrl","Ctrl","Ctrl","Trt","Trt","Trt","Ctrl","Trt","Ctrl","Trt","Ctrl","Trt","Ctrl","Ctrl","Ctrl","Trt","Trt","Trt","Ctrl","Trt","Ctrl","Ctrl","Trt","Trt","Trt","Ctrl","Ctrl","Ctrl","Trt","Trt","Trt","Ctrl","Ctrl","Trt","Ctrl","Trt","Trt","Trt","Ctrl","Ctrl","Ctrl","Trt","Ctrl","Trt","Ctrl","Ctrl","Trt","Ctrl","Trt","Trt","Ctrl","Trt","Ctrl","Trt","Trt","Ctrl","Ctrl","Trt","Ctrl","Trt","Ctrl","Trt","Ctrl","Ctrl","Trt","Ctrl","Ctrl","Trt","Trt","Trt","Ctrl","Ctrl","Trt","Ctrl","Ctrl","Trt","Trt","Trt","Trt"
42,"Ctrl","Trt","Trt","Ctrl","Trt","Ctrl","Ctrl","Ctrl","Trt","Trt","Ctrl","Trt","Ctrl","Trt","Trt","Ctrl","Trt","Trt","Ctrl","Ctrl","Trt","Ctrl","Trt","Ctrl","Trt","Ctrl","Ctrl","Ctrl","Trt","Trt","Trt","Ctrl","Trt","Ctrl","Trt","Ctrl","Trt","Trt","Ctrl","Ctrl","Trt","Ctrl","Ctrl","Ctrl","Trt","Trt","Trt","Ctrl","Trt","Ctrl","Trt","Ctrl","Trt","Ctrl","Ctrl","Ctrl","Trt","Trt","Trt","Ctrl","Trt","Ctrl","Ctrl","Trt","Trt","Trt","Ctrl","Ctrl","Ctrl","Trt","Trt","Trt","Ctrl","Ctrl","Trt","Ctrl","Trt","Trt","Trt","Ctrl","Ctrl","Ctrl","Trt","Ctrl","Trt","Ctrl","Ctrl","Trt","Ctrl","Trt","Trt","Ctrl","Trt","Ctrl","Trt","Trt","Ctrl","Ctrl","Trt","Ctrl","Trt","Ctrl","Trt","Ctrl","Ctrl","Trt","Ctrl","Ctrl","Trt","Trt","Trt","Ctrl","Ctrl","Trt","Ctrl","Ctrl","Trt","Trt","Trt","Trt"
43,"Ctrl","Trt","Trt","Ctrl","Trt","Ctrl","Ctrl","Ctrl","Trt","Trt","Ctrl","Trt","Ctrl","Trt","Trt","Ctrl","Trt","Trt","Ctrl","Ctrl","Trt","Ctrl","Trt","Ctrl","Trt","Ctrl","Ctrl","Ctrl","Trt","Trt","Trt","Ctrl","Trt","Ctrl","Trt","Ctrl","Trt","Trt","Ctrl","Ctrl","Trt","Ctrl","Ctrl","Ctrl","Trt","Trt","Trt","Ctrl","Trt","Ctrl","Trt","Ctrl","Trt","Ctrl","Ctrl","Ctrl","Trt","Trt","Trt","Ctrl","Trt","Ctrl","Ctrl","Trt","Trt","Trt","Ctrl","Ctrl","Ctrl","Trt","Trt","Trt","Ctrl","Ctrl","Trt","Ctrl","Trt","Trt","Trt","Ctrl","Ctrl","Ctrl","Trt","Ctrl","Trt","Ctrl","Ctrl","Trt","Ctrl","Trt","Trt","Ctrl","Trt","Ctrl","Trt","Trt","Ctrl","Ctrl","Trt","Ctrl","Trt","Ctrl","Trt","Ctrl","Ctrl","Trt","Ctrl","Ctrl","Trt","Trt","Trt","Ctrl","Ctrl","Trt","Ctrl","Ctrl","Trt","Trt","Trt","Trt"
44,"Ctrl","Trt","Trt","Ctrl","Trt","Ctrl","Ctrl","Ctrl","Trt","Trt","Ctrl","Trt","Ctrl","Trt","Trt","Ctrl","Trt","Trt","Ctrl","Ctrl","Trt","Ctrl","Trt","Ctrl","Trt","Ctrl","Ctrl","Ctrl","Trt","Trt","Trt","Ctrl","Trt","Ctrl","Trt","Ctrl","Trt","Trt","Ctrl","Ctrl","Trt","Ctrl","Ctrl","Ctrl","Trt","Trt","Trt","Ctrl","Trt","Ctrl","Trt","Ctrl","Trt","Ctrl","Ctrl","Ctrl","Trt","Trt","Trt","Ctrl","Trt","Ctrl","Ctrl","Trt","Trt","Trt","Ctrl","Ctrl","Ctrl","Trt","Trt","Trt","Ctrl","Ctrl","Trt","Ctrl","Trt","Trt","Trt","Ctrl","Ctrl","Ctrl","Trt","Ctrl","Trt","Ctrl","Ctrl","Trt","Ctrl","Trt","Trt","Ctrl","Trt","Ctrl","Trt","Trt","Ctrl","Ctrl","Trt","Ctrl","Trt","Ctrl","Trt","Ctrl","Ctrl","Trt","Ctrl","Ctrl","Trt","Trt","Trt","Ctrl","Ctrl","Trt","Ctrl","Ctrl","Trt","Trt","Trt","Trt"
45,"Ctrl","Trt","Trt","Ctrl","Trt","Ctrl","Ctrl","Ctrl","Trt","Trt","Ctrl","Trt","Ctrl","Trt","Trt","Ctrl","Trt","Trt","Ctrl","Ctrl","Trt","Ctrl","Trt","Ctrl","Trt","Ctrl","Ctrl","Ctrl","Trt","Trt","Trt","Ctrl","Trt","Ctrl","Trt","Ctrl","Trt","Trt","Ctrl","Ctrl","Trt","Ctrl","Ctrl","Ctrl","Trt","Trt","Trt","Ctrl","Trt","Ctrl","Trt","Ctrl","Trt","Ctrl","Ctrl","Ctrl","Trt","Trt","Trt","Ctrl","Trt","Ctrl","Ctrl","Trt","Trt","Trt","Ctrl","Ctrl","Ctrl","Trt","Trt","Trt","Ctrl","Ctrl","Trt","Ctrl","Trt","Trt","Trt","Ctrl","Ctrl","Ctrl","Trt","Ctrl","Trt","Ctrl","Ctrl","Trt","Ctrl","Trt","Trt","Ctrl","Trt","Ctrl","Trt","Trt","Ctrl","Ctrl","Trt","Ctrl","Trt","Ctrl","Trt","Ctrl","Ctrl","Trt","Ctrl","Ctrl","Trt","Trt","Trt","Ctrl","Ctrl","Trt","Ctrl","Ctrl","Trt","Trt","Trt","Trt"
46,"Ctrl","Trt","Trt","Ctrl","Trt","Ctrl","Ctrl","Ctrl","Trt","Trt","Ctrl","Trt","Ctrl","Trt","Trt","Ctrl","Trt","Trt","Ctrl","Ctrl","Trt","Ctrl","Trt","Ctrl","Trt","Ctrl","Ctrl","Ctrl","Trt","Trt","Trt","Ctrl","Trt","Ctrl","Trt","Ctrl","Trt","Trt","Ctrl","Ctrl","Trt","Ctrl","Ctrl","Ctrl","Trt","Trt","Trt","Ctrl","Trt","Ctrl","Trt","Ctrl","Trt","Ctrl","Ctrl","Ctrl","Trt","Trt","Trt","Ctrl","Trt","Ctrl","Ctrl","Trt","Trt","Trt","Ctrl","Ctrl","Ctrl","Trt","Trt","Trt","Ctrl","Ctrl","Trt","Ctrl","Trt","Trt","Trt","Ctrl","Ctrl","Ctrl","Trt","Ctrl","Trt","Ctrl","Ctrl","Trt","Ctrl","Trt","Trt","Ctrl","Trt","Ctrl","Trt","Trt","Ctrl","Ctrl","Trt","Ctrl","Trt","Ctrl","Trt","Ctrl","Ctrl","Trt","Ctrl","Ctrl","Trt","Trt","Trt","Ctrl","Ctrl","Trt","Ctrl","Ctrl","Trt","Trt","Trt","Trt"
47,"Ctrl","Trt","Trt","Ctrl","Trt","Ctrl","Ctrl","Ctrl","Trt","Trt","Ctrl","Trt","Ctrl","Trt","Trt","Ctrl","Trt","Trt","Ctrl","Ctrl","Trt","Ctrl","Trt","Ctrl","Trt","Ctrl","Ctrl","Ctrl","Trt","Trt","Trt","Ctrl","Trt","Ctrl","Trt","Ctrl","Trt","Trt","Ctrl","Ctrl","Trt","Ctrl","Ctrl","Ctrl","Trt","Trt","Trt","Ctrl","Trt","Ctrl","Trt","Ctrl","Trt","Ctrl","Ctrl","Ctrl","Trt","Trt","Trt","Ctrl","Trt","Ctrl","Ctrl","Trt","Trt","Trt","Ctrl","Ctrl","Ctrl","Trt","Trt","Trt","Ctrl","Ctrl","Trt","Ctrl","Trt","Trt","Trt","Ctrl","Ctrl","Ctrl","Trt","Ctrl","Trt","Ctrl","Ctrl","Trt","Ctrl","Trt","Trt","Ctrl","Trt","Ctrl","Trt","Trt","Ctrl","Ctrl","Trt","Ctrl","Trt","Ctrl","Trt","Ctrl","Ctrl","Trt","Ctrl","Ctrl","Trt","Trt","Trt","Ctrl","Ctrl","Trt","Ctrl","Ctrl","Trt","Trt","Trt","Trt"
48,"Ctrl","Trt","Trt","Ctrl","Trt","Ctrl","Ctrl","Ctrl","Trt","Trt","Ctrl","Trt","Ctrl","Trt","Trt","Ctrl","Trt","Trt","Ctrl","Ctrl","Trt","Ctrl","Trt","Ctrl","Trt","Ctrl","Ctrl","Ctrl","Trt","Trt","Trt","Ctrl","Trt","Ctrl","Trt","Ctrl","Trt","Trt","Ctrl","Ctrl","Trt","Ctrl","Ctrl","Ctrl","Trt","Trt","Trt","Ctrl","Trt","Ctrl","Trt","Ctrl","Trt","Ctrl","Ctrl","Ctrl","Trt","Trt","Trt","Ctrl","Trt","Ctrl","Ctrl","Trt","Trt","Trt","Ctrl","Ctrl","Ctrl","Trt","Trt","Trt","Ctrl","Ctrl","Trt","Ctrl","Trt","Trt","Trt","Ctrl","Ctrl","Ctrl","Trt","Ctrl","Trt","Ctrl","Ctrl","Trt","Ctrl","Trt","Trt","Ctrl","Trt","Ctrl","Trt","Trt","Ctrl","Ctrl","Trt","Ctrl","Trt","Ctrl","Trt","Ctrl","Ctrl","Trt","Ctrl","Ctrl","Trt","Trt","Trt","Ctrl","Ctrl","Trt","Ctrl","Ctrl","Trt","Trt","Trt","Trt"
49,"Ctrl","Trt","Trt","Ctrl","Trt","Ctrl","Ctrl","Ctrl","Trt","Trt","Ctrl","Trt","Ctrl","Trt","Trt","Ctrl","Trt","Trt","Ctrl","Ctrl","Trt","Ctrl","Trt","Ctrl","Trt","Ctrl","Ctrl","Ctrl","Trt","Trt","Trt","Ctrl","Trt","Ctrl","Trt","Ctrl","Trt","Trt","Ctrl","Ctrl","Trt","Ctrl","Ctrl","Ctrl","Trt","Trt","Trt","Ctrl","Trt","Ctrl","Trt","Ctrl","Trt","Ctrl","Ctrl","Ctrl","Trt","Trt","Trt","Ctrl","Trt","Ctrl","Ctrl","Trt","Trt","Trt","Ctrl","Ctrl","Ctrl","Trt","Trt","Trt","Ctrl","Ctrl","Trt","Ctrl","Trt","Trt","Trt","Ctrl","Ctrl","Ctrl","Trt","Ctrl","Trt","Ctrl","Ctrl","Trt","Ctrl","Trt","Trt","Ctrl","Trt","Ctrl","Trt","Trt","Ctrl","Ctrl","Trt","Ctrl","Trt","Ctrl","Trt","Ctrl","Ctrl","Trt","Ctrl","Ctrl","Trt","Trt","Trt","Ctrl","Ctrl","Trt","Ctrl","Ctrl","Trt","Trt","Trt","Trt"
50,"Ctrl","Trt","Trt","Ctrl","Trt","Ctrl","Ctrl","Ctrl","Trt","Trt","Ctrl","Trt","Ctrl","Trt","Trt","Ctrl","Trt","Trt","Ctrl","Ctrl","Trt","Ctrl","Trt","Ctrl","Trt","Ctrl","Ctrl","Ctrl","Trt","Trt","Trt","Ctrl","Trt","Ctrl","Trt","Ctrl","Trt","Trt","Ctrl","Ctrl","Trt","Ctrl","Ctrl","Ctrl","Trt","Trt","Trt","Ctrl","Trt","Ctrl","Trt","Ctrl","Trt","Ctrl","Ctrl","Ctrl","Trt","Trt","Trt","Ctrl","Trt","Ctrl","Ctrl","Trt","Trt","Trt","Ctrl","Ctrl","Ctrl","Trt","Trt","Trt","Ctrl","Ctrl","Trt","Ctrl","Trt","Trt","Trt","Ctrl","Ctrl","Ctrl","Trt","Ctrl","Trt","Ctrl","Ctrl","Trt","Ctrl","Trt","Trt","Ctrl","Trt","Ctrl","Trt","Trt","Ctrl","Ctrl","Trt","Ctrl","Trt","Ctrl","Trt","Ctrl","Ctrl","Trt","Ctrl","Ctrl","Trt","Trt","Trt","Ctrl","Ctrl","Trt","Ctrl","Ctrl","Trt","Trt","Trt","Trt"
51,"Ctrl","Trt","Trt","Ctrl","Trt","Ctrl","Ctrl","Ctrl","Trt","Trt","Ctrl","Trt","Ctrl","Trt","Trt","Ctrl","Trt","Trt","Ctrl","Ctrl","Trt","Ctrl","Trt","Ctrl","Trt","Ctrl","Ctrl","Ctrl","Trt","Trt","Trt","Ctrl","Trt","Ctrl","Trt","Ctrl","Trt","Trt","Ctrl","Ctrl","Trt","Ctrl","Ctrl","Ctrl","Trt","Trt","Trt","Ctrl","Trt","Ctrl","Trt","Ctrl","Trt","Ctrl","Ctrl","Ctrl","Trt","Trt","Trt","Ctrl","Trt","Ctrl","Ctrl","Trt","Trt","Trt","Ctrl","Ctrl","Ctrl","Trt","Trt","Trt","Ctrl","Ctrl","Trt","Ctrl","Trt","Trt","Trt","Ctrl","Ctrl","Ctrl","Trt","Ctrl","Trt","Ctrl","Ctrl","Trt","Ctrl","Trt","Trt","Ctrl","Trt","Ctrl","Trt","Trt","Ctrl","Ctrl","Trt","Ctrl","Trt","Ctrl","Trt","Ctrl","Ctrl","Trt","Ctrl","Ctrl","Trt","Trt","Trt","Ctrl","Ctrl","Trt","Ctrl","Ctrl","Trt","Trt","Trt","Trt"
52,"Ctrl","Trt","Trt","Ctrl","Trt","Ctrl","Ctrl","Ctrl","Trt","Trt","Ctrl","Trt","Ctrl","Trt","Trt","Ctrl","Trt","Trt","Ctrl","Ctrl","Trt","Ctrl","Trt","Ctrl","Trt","Ctrl","Ctrl","Ctrl","Trt","Trt","Trt","Ctrl","Trt","Ctrl","Trt","Ctrl","Trt","Trt","Ctrl","Ctrl","Trt","Ctrl","Ctrl","Ctrl","Trt","Trt","Trt","Ctrl","Trt","Ctrl","Trt","Ctrl","Trt","Ctrl","Ctrl","Ctrl","Trt","Trt","Trt","Ctrl","Trt","Ctrl","Ctrl","Trt","Trt","Trt","Ctrl","Ctrl","Ctrl","Trt","Trt","Trt","Ctrl","Ctrl","Trt","Ctrl","Trt","Trt","Trt","Ctrl","Ctrl","Ctrl","Trt","Ctrl","Trt","Ctrl","Ctrl","Trt","Ctrl","Trt","Trt","Ctrl","Trt","Ctrl","Trt","Trt","Ctrl","Ctrl","Trt","Ctrl","Trt","Ctrl","Trt","Ctrl","Ctrl","Trt","Ctrl","Ctrl","Trt","Trt","Trt","Ctrl","Ctrl","Trt","Ctrl","Ctrl","Trt","Trt","Trt","Trt"
53,"Ctrl","Trt","Trt","Ctrl","Trt","Ctrl","Ctrl","Ctrl","Trt","Trt","Ctrl","Trt","Ctrl","Trt","Trt","Ctrl","Trt","Trt","Ctrl","Ctrl","Trt","Ctrl","Trt","Ctrl","Trt","Ctrl","Ctrl","Ctrl","Trt","Trt","Trt","Ctrl","Trt","Ctrl","Trt","Ctrl","Trt","Trt","Ctrl","Ctrl","Trt","Ctrl","Ctrl","Ctrl","Trt","Trt","Trt","Ctrl","Trt","Ctrl","Trt","Ctrl","Trt","Ctrl","Ctrl","Ctrl","Trt","Trt","Trt","Ctrl","Trt","Ctrl","Ctrl","Trt","Trt","Trt","Ctrl","Ctrl","Ctrl","Trt","Trt","Trt","Ctrl","Ctrl","Trt","Ctrl","Trt","Trt","Trt","Ctrl","Ctrl","Ctrl","Trt","Ctrl","Trt","Ctrl","Ctrl","Trt","Ctrl","Trt","Trt","Ctrl","Trt","Ctrl","Trt","Trt","Ctrl","Ctrl","Trt","Ctrl","Trt","Ctrl","Trt","Ctrl","Ctrl","Trt","Ctrl","Ctrl","Trt","Trt","Trt","Ctrl","Ctrl","Trt","Ctrl","Ctrl","Trt","Trt","Trt","Trt"
54,"Ctrl","Trt","Trt","Ctrl","Trt","Ctrl","Ctrl","Ctrl","Trt","Trt","Ctrl","Trt","Ctrl","Trt","Trt","Ctrl","Trt","Trt","Ctrl","Ctrl","Trt","Ctrl","Trt","Ctrl","Trt","Ctrl","Ctrl","Ctrl","Trt","Trt","Trt","Ctrl","Trt","Ctrl","Trt","Ctrl","Trt","Trt","Ctrl","Ctrl","Trt","Ctrl","Ctrl","Ctrl","Trt","Trt","Trt","Ctrl","Trt","Ctrl","Trt","Ctrl","Trt","Ctrl","Ctrl","Ctrl","Trt","Trt","Trt","Ctrl","Trt","Ctrl","Ctrl","Trt","Trt","Trt","Ctrl","Ctrl","Ctrl","Trt","Trt","Trt","Ctrl","Ctrl","Trt","Ctrl","Trt","Trt","Trt","Ctrl","Ctrl","Ctrl","Trt","Ctrl","Trt","Ctrl","Ctrl","Trt","Ctrl","Trt","Trt","Ctrl","Trt","Ctrl","Trt","Trt","Ctrl","Ctrl","Trt","Ctrl","Trt","Ctrl","Trt","Ctrl","Ctrl","Trt","Ctrl","Ctrl","Trt","Trt","Trt","Ctrl","Ctrl","Trt","Ctrl","Ctrl","Trt","Trt","Trt","Trt"
55,"Ctrl","Trt","Trt","Ctrl","Trt","Ctrl","Ctrl","Ctrl","Trt","Trt","Ctrl","Trt","Ctrl","Trt","Trt","Ctrl","Trt","Trt","Ctrl","Ctrl","Trt","Ctrl","Trt","Ctrl","Trt","Ctrl","Ctrl","Ctrl","Trt","Trt","Trt","Ctrl","Trt","Ctrl","Trt","Ctrl","Trt","Trt","Ctrl","Ctrl","Trt","Ctrl","Ctrl","Ctrl","Trt","Trt","Trt","Ctrl","Trt","Ctrl","Trt","Ctrl","Trt","Ctrl","Ctrl","Ctrl","Trt","Trt","Trt","Ctrl","Trt","Ctrl","Ctrl","Trt","Trt","Trt","Ctrl","Ctrl","Ctrl","Trt","Trt","Trt","Ctrl","Ctrl","Trt","Ctrl","Trt","Trt","Trt","Ctrl","Ctrl","Ctrl","Trt","Ctrl","Trt","Ctrl","Ctrl","Trt","Ctrl","Trt","Trt","Ctrl","Trt","Ctrl","Trt","Trt","Ctrl","Ctrl","Trt","Ctrl","Trt","Ctrl","Trt","Ctrl","Ctrl","Trt","Ctrl","Ctrl","Trt","Trt","Trt","Ctrl","Ctrl","Trt","Ctrl","Ctrl","Trt","Trt","Trt","Trt"
56,"Ctrl","Trt","Trt","Ctrl","Trt","Ctrl","Ctrl","Ctrl","Trt","Trt","Ctrl","Trt","Ctrl","Trt","Trt","Ctrl","Trt","Trt","Ctrl","Ctrl","Trt","Ctrl","Trt","Ctrl","Trt","Ctrl","Ctrl","Ctrl","Trt","Trt","Trt","Ctrl","Trt","Ctrl","Trt","Ctrl","Trt","Trt","Ctrl","Ctrl","Trt","Ctrl","Ctrl","Ctrl","Trt","Trt","Trt","Ctrl","Trt","Ctrl","Trt","Ctrl","Trt","Ctrl","Ctrl","Ctrl","Trt","Trt","Trt","Ctrl","Trt","Ctrl","Ctrl","Trt","Trt","Trt","Ctrl","Ctrl","Ctrl","Trt","Trt","Trt","Ctrl","Ctrl","Trt","Ctrl","Trt","Trt","Trt","Ctrl","Ctrl","Ctrl","Trt","Ctrl","Trt","Ctrl","Ctrl","Trt","Ctrl","Trt","Trt","Ctrl","Trt","Ctrl","Trt","Trt","Ctrl","Ctrl","Trt","Ctrl","Trt","Ctrl","Trt","Ctrl","Ctrl","Trt","Ctrl","Ctrl","Trt","Trt","Trt","Ctrl","Ctrl","Trt","Ctrl","Ctrl","Trt","Trt","Trt","Trt"
57,"Ctrl","Trt","Trt","Ctrl","Trt","Ctrl","Ctrl","Ctrl","Trt","Trt","Ctrl","Trt","Ctrl","Trt","Trt","Ctrl","Trt","Trt","Ctrl","Ctrl","Trt","Ctrl","Trt","Ctrl","Trt","Ctrl","Ctrl","Ctrl","Trt","Trt","Trt","Ctrl","Trt","Ctrl","Trt","Ctrl","Trt","Trt","Ctrl","Ctrl","Trt","Ctrl","Ctrl","Ctrl","Trt","Trt","Trt","Ctrl","Trt","Ctrl","Trt","Ctrl","Trt","Ctrl","Ctrl","Ctrl","Trt","Trt","Trt","Ctrl","Trt","Ctrl","Ctrl","Trt","Trt","Trt","Ctrl","Ctrl","Ctrl","Trt","Trt","Trt","Ctrl","Ctrl","Trt","Ctrl","Trt","Trt","Trt","Ctrl","Ctrl","Ctrl","Trt","Ctrl","Trt","Ctrl","Ctrl","Trt","Ctrl","Trt","Trt","Ctrl","Trt","Ctrl","Trt","Trt","Ctrl","Ctrl","Trt","Ctrl","Trt","Ctrl","Trt","Ctrl","Ctrl","Trt","Ctrl","Ctrl","Trt","Trt","Trt","Ctrl","Ctrl","Trt","Ctrl","Ctrl","Trt","Trt","Trt","Trt"
58,"Ctrl","Trt","Trt","Ctrl","Trt","Ctrl","Ctrl","Ctrl","Trt","Trt","Ctrl","Trt","Ctrl","Trt","Trt","Ctrl","Trt","Trt","Ctrl","Ctrl","Trt","Ctrl","Trt","Ctrl","Trt","Ctrl","Ctrl","Ctrl","Trt","Trt","Trt","Ctrl","Trt","Ctrl","Trt","Ctrl","Trt","Trt","Ctrl","Ctrl","Trt","Ctrl","Ctrl","Ctrl","Trt","Trt","Trt","Ctrl","Trt","Ctrl","Trt","Ctrl","Trt","Ctrl","Ctrl","Ctrl","Trt","Trt","Trt","Ctrl","Trt","Ctrl","Ctrl","Trt","Trt","Trt","Ctrl","Ctrl","Ctrl","Trt","Trt","Trt","Ctrl","Ctrl","Trt","Ctrl","Trt","Trt","Trt","Ctrl","Ctrl","Ctrl","Trt","Ctrl","Trt","Ctrl","Ctrl","Trt","Ctrl","Trt","Trt","Ctrl","Trt","Ctrl","Trt","Trt","Ctrl","Ctrl","Trt","Ctrl","Trt","Ctrl","Trt","Ctrl","Ctrl","Trt","Ctrl","Ctrl","Trt","Trt","Trt","Ctrl","Ctrl","Trt","Ctrl","Ctrl","Trt","Trt","Trt","Trt"
59,"Ctrl","Trt","Trt","Ctrl","Trt","Ctrl","Ctrl","Ctrl","Trt","Trt","Ctrl","Trt","Ctrl","Trt","Trt","Ctrl","Trt","Trt","Ctrl","Ctrl","Trt","Ctrl","Trt","Ctrl","Trt","Ctrl","Ctrl","Ctrl","Trt","Trt","Trt","Ctrl","Trt","Ctrl","Trt","Ctrl","Trt","Trt","Ctrl","Ctrl","Trt","Ctrl","Ctrl","Ctrl","Trt","Trt","Trt","Ctrl","Trt","Ctrl","Trt","Ctrl","Trt","Ctrl","Ctrl","Ctrl","Trt","Trt","Trt","Ctrl","Trt","Ctrl","Ctrl","Trt","Trt","Trt","Ctrl","Ctrl","Ctrl","Trt","Trt","Trt","Ctrl","Ctrl","Trt","Ctrl","Trt","Trt","Trt","Ctrl","Ctrl","Ctrl","Trt","Ctrl","Trt","Ctrl","Ctrl","Trt","Ctrl","Trt","Trt","Ctrl","Trt","Ctrl","Trt","Trt","Ctrl","Ctrl","Trt","Ctrl","Trt","Ctrl","Trt","Ctrl","Ctrl","Trt","Ctrl","Ctrl","Trt","Trt","Trt","Ctrl","Ctrl","Trt","Ctrl","Ctrl","Trt","Trt","Trt","Trt"
60,"Ctrl","Trt","Trt","Ctrl","Trt","Ctrl","Ctrl","Ctrl","Trt","Trt","Ctrl","Trt","Ctrl","Trt","Trt","Ctrl","Trt","Trt","Ctrl","Ctrl","Trt","Ctrl","Trt","Ctrl","Trt","Ctrl","Ctrl","Ctrl","Trt","Trt","Trt","Ctrl","Trt","Ctrl","Trt","Ctrl","Trt","Trt","Ctrl","Ctrl","Trt","Ctrl","Ctrl","Ctrl","Trt","Trt","Trt","Ctrl","Trt","Ctrl","Trt","Ctrl","Trt","Ctrl","Ctrl","Ctrl","Trt","Trt","Trt","Ctrl","Trt","Ctrl","Ctrl","Trt","Trt","Trt","Ctrl","Ctrl","Ctrl","Trt","Trt","Trt","Ctrl","Ctrl","Trt","Ctrl","Trt","Trt","Trt","Ctrl","Ctrl","Ctrl","Trt","Ctrl","Trt","Ctrl","Ctrl","Trt","Ctrl","Trt","Trt","Ctrl","Trt","Ctrl","Trt","Trt","Ctrl","Ctrl","Trt","Ctrl","Trt","Ctrl","Trt","Ctrl","Ctrl","Trt","Ctrl","Ctrl","Trt","Trt","Trt","Ctrl","Ctrl","Trt","Ctrl","Ctrl","Trt","Trt","Trt","Trt"
61,"Ctrl","Trt","Trt","Ctrl","Trt","Ctrl","Ctrl","Ctrl","Trt","Trt","Ctrl","Trt","Ctrl","Trt","Trt","Ctrl","Trt","Trt","Ctrl","Ctrl","Trt","Ctrl","Trt","Ctrl","Trt","Ctrl","Ctrl","Ctrl","Trt","Trt","Trt","Ctrl","Trt","Ctrl","Trt","Ctrl","Trt","Trt","Ctrl","Ctrl","Trt","Ctrl","Ctrl","Ctrl","Trt","Trt","Trt","Ctrl","Trt","Ctrl","Trt","Ctrl","Trt","Ctrl","Ctrl","Ctrl","Trt","Trt","Trt","Ctrl","Trt","Ctrl","Ctrl","Trt","Trt","Trt","Ctrl","Ctrl","Ctrl","Trt","Trt","Trt","Ctrl","Ctrl","Trt","Ctrl","Trt","Trt","Trt","Ctrl","Ctrl","Ctrl","Trt","Ctrl","Trt","Ctrl","Ctrl","Trt","Ctrl","Trt","Trt","Ctrl","Trt","Ctrl","Trt","Trt","Ctrl","Ctrl","Trt","Ctrl","Trt","Ctrl","Trt","Ctrl","Ctrl","Trt","Ctrl","Ctrl","Trt","Trt","Trt","Ctrl","Ctrl","Trt","Ctrl","Ctrl","Trt","Trt","Trt","Trt"
62,"Ctrl","Trt","Trt","Ctrl","Trt","Ctrl","Ctrl","Ctrl","Trt","Trt","Ctrl","Trt","Ctrl","Trt","Trt","Ctrl","Trt","Trt","Ctrl","Ctrl","Trt","Ctrl","Trt","Ctrl","Trt","Ctrl","Ctrl","Ctrl","Trt","Trt","Trt","Ctrl","Trt","Ctrl","Trt","Ctrl","Trt","Trt","Ctrl","Ctrl","Trt","Ctrl","Ctrl","Ctrl","Trt","Trt","Trt","Ctrl","Trt","Ctrl","Trt","Ctrl","Trt","Ctrl","Ctrl","Ctrl","Trt","Trt","Trt","Ctrl","Trt","Ctrl","Ctrl","Trt","Trt","Trt","Ctrl","Ctrl","Ctrl","Trt","Trt","Trt","Ctrl","Ctrl","Trt","Ctrl","Trt","Trt","Trt","Ctrl","Ctrl","Ctrl","Trt","Ctrl","Trt","Ctrl","Ctrl","Trt","Ctrl","Trt","Trt","Ctrl","Trt","Ctrl","Trt","Trt","Ctrl","Ctrl","Trt","Ctrl","Trt","Ctrl","Trt","Ctrl","Ctrl","Trt","Ctrl","Ctrl","Trt","Trt","Trt","Ctrl","Ctrl","Trt","Ctrl","Ctrl","Trt","Trt","Trt","Trt"
63,"Ctrl","Trt","Trt","Ctrl","Trt","Ctrl","Ctrl","Ctrl","Trt","Trt","Ctrl","Trt","Ctrl","Trt","Trt","Ctrl","Trt","Trt","Ctrl","Ctrl","Trt","Ctrl","Trt","Ctrl","Trt","Ctrl","Ctrl","Ctrl","Trt","Trt","Trt","Ctrl","Trt","Ctrl","Trt","Ctrl","Trt","Trt","Ctrl","Ctrl","Trt","Ctrl","Ctrl","Ctrl","Trt","Trt","Trt","Ctrl","Trt","Ctrl","Trt","Ctrl","Trt","Ctrl","Ctrl","Ctrl","Trt","Trt","Trt","Ctrl","Trt","Ctrl","Ctrl","Trt","Trt","Trt","Ctrl","Ctrl","Ctrl","Trt","Trt","Trt","Ctrl","Ctrl","Trt","Ctrl","Trt","Trt","Trt","Ctrl","Ctrl","Ctrl","Trt","Ctrl","Trt","Ctrl","Ctrl","Trt","Ctrl","Trt","Trt","Ctrl","Trt","Ctrl","Trt","Trt","Ctrl","Ctrl","Trt","Ctrl","Trt","Ctrl","Trt","Ctrl","Ctrl","Trt","Ctrl","Ctrl","Trt","Trt","Trt","Ctrl","Ctrl","Trt","Ctrl","Ctrl","Trt","Trt","Trt","Trt"
64,"Ctrl","Trt","Trt","Ctrl","Trt","Ctrl","Ctrl","Ctrl","Trt","Trt","Ctrl","Trt","Ctrl","Trt","Trt","Ctrl","Trt","Trt","Ctrl","Ctrl","Trt","Ctrl","Trt","Ctrl","Trt","Ctrl","Ctrl","Ctrl","Trt","Trt","Trt","Ctrl","Trt","Ctrl","Trt","Ctrl","Trt","Trt","Ctrl","Ctrl","Trt","Ctrl","Ctrl","Ctrl","Trt","Trt","Trt","Ctrl","Trt","Ctrl","Trt","Ctrl","Trt","Ctrl","Ctrl","Ctrl","Trt","Trt","Trt","Ctrl","Trt","Ctrl","Ctrl","Trt","Trt","Trt","Ctrl","Ctrl","Ctrl","Trt","Trt","Trt","Ctrl","Ctrl","Trt","Ctrl","Trt","Trt","Trt","Ctrl","Ctrl","Ctrl","Trt","Ctrl","Trt","Ctrl","Ctrl","Trt","Ctrl","Trt","Trt","Ctrl","Trt","Ctrl","Trt","Trt","Ctrl","Ctrl","Trt","Ctrl","Trt","Ctrl","Trt","Ctrl","Ctrl","Trt","Ctrl","Ctrl","Trt","Trt","Trt","Ctrl","Ctrl","Trt","Ctrl","Ctrl","Trt","Trt","Trt","Trt"
65,"Ctrl","Trt","Trt","Ctrl","Trt","Ctrl","Ctrl","Ctrl","Trt","Trt","Ctrl","Trt","Ctrl","Trt","Trt","Ctrl","Trt","Trt","Ctrl","Ctrl","Trt","Ctrl","Trt","Ctrl","Trt","Ctrl","Ctrl","Ctrl","Trt","Trt","Trt","Ctrl","Trt","Ctrl","Trt","Ctrl","Trt","Trt","Ctrl","Ctrl","Trt","Ctrl","Ctrl","Ctrl","Trt","Trt","Trt","Ctrl","Trt","Ctrl","Trt","Ctrl","Trt","Ctrl","Ctrl","Ctrl","Trt","Trt","Trt","Ctrl","Trt","Ctrl","Ctrl","Trt","Trt","Trt","Ctrl","Ctrl","Ctrl","Trt","Trt","Trt","Ctrl","Ctrl","Trt","Ctrl","Trt","Trt","Trt","Ctrl","Ctrl","Ctrl","Trt","Ctrl","Trt","Ctrl","Ctrl","Trt","Ctrl","Trt","Trt","Ctrl","Trt","Ctrl","Trt","Trt","Ctrl","Ctrl","Trt","Ctrl","Trt","Ctrl","Trt","Ctrl","Ctrl","Trt","Ctrl","Ctrl","Trt","Trt","Trt","Ctrl","Ctrl","Trt","Ctrl","Ctrl","Trt","Trt","Trt","Trt"
66,"Ctrl","Trt","Trt","Ctrl","Trt","Ctrl","Ctrl","Ctrl","Trt","Trt","Ctrl","Trt","Ctrl","Trt","Trt","Ctrl","Trt","Trt","Ctrl","Ctrl","Trt","Ctrl","Trt","Ctrl","Trt","Ctrl","Ctrl","Ctrl","Trt","Trt","Trt","Ctrl","Trt","Ctrl","Trt","Ctrl","Trt","Trt","Ctrl","Ctrl","Trt","Ctrl","Ctrl","Ctrl","Trt","Trt","Trt","Ctrl","Trt","Ctrl","Trt","Ctrl","Trt","Ctrl","Ctrl","Ctrl","Trt","Trt","Trt","Ctrl","Trt","Ctrl","Ctrl","Trt","Trt","Trt","Ctrl","Ctrl","Ctrl","Trt","Trt","Trt","Ctrl","Ctrl","Trt","Ctrl","Trt","Trt","Trt","Ctrl","Ctrl","Ctrl","Trt","Ctrl","Trt","Ctrl","Ctrl","Trt","Ctrl","Trt","Trt","Ctrl","Trt","Ctrl","Trt","Trt","Ctrl","Ctrl","Trt","Ctrl","Trt","Ctrl","Trt","Ctrl","Ctrl","Trt","Ctrl","Ctrl","Trt","Trt","Trt","Ctrl","Ctrl","Trt","Ctrl","Ctrl","Trt","Trt","Trt","Trt"
67,"Ctrl","Trt","Trt","Ctrl","Trt","Ctrl","Ctrl","Ctrl","Trt","Trt","Ctrl","Trt","Ctrl","Trt","Trt","Ctrl","Trt","Trt","Ctrl","Ctrl","Trt","Ctrl","Trt","Ctrl","Trt","Ctrl","Ctrl","Ctrl","Trt","Trt","Trt","Ctrl","Trt","Ctrl","Trt","Ctrl","Trt","Trt","Ctrl","Ctrl","Trt","Ctrl","Ctrl","Ctrl","Trt","Trt","Trt","Ctrl","Trt","Ctrl","Trt","Ctrl","Trt","Ctrl","Ctrl","Ctrl","Trt","Trt","Trt","Ctrl","Trt","Ctrl","Ctrl","Trt","Trt","Trt","Ctrl","Ctrl","Ctrl","Trt","Trt","Trt","Ctrl","Ctrl","Trt","Ctrl","Trt","Trt","Trt","Ctrl","Ctrl","Ctrl","Trt","Ctrl","Trt","Ctrl","Ctrl","Trt","Ctrl","Trt","Trt","Ctrl","Trt","Ctrl","Trt","Trt","Ctrl","Ctrl","Trt","Ctrl","Trt","Ctrl","Trt","Ctrl","Ctrl","Trt","Ctrl","Ctrl","Trt","Trt","Trt","Ctrl","Ctrl","Trt","Ctrl","Ctrl","Trt","Trt","Trt","Trt"
68,"Ctrl","Trt","Trt","Ctrl","Trt","Ctrl","Ctrl","Ctrl","Trt","Trt","Ctrl","Trt","Ctrl","Trt","Trt","Ctrl","Trt","Trt","Ctrl","Ctrl","Trt","Ctrl","Trt","Ctrl","Trt","Ctrl","Ctrl","Ctrl","Trt","Trt","Trt","Ctrl","Trt","Ctrl","Trt","Ctrl","Trt","Trt","Ctrl","Ctrl","Trt","Ctrl","Ctrl","Ctrl","Trt","Trt","Trt","Ctrl","Trt","Ctrl","Trt","Ctrl","Trt","Ctrl","Ctrl","Ctrl","Trt","Trt","Trt","Ctrl","Trt","Ctrl","Ctrl","Trt","Trt","Trt","Ctrl","Ctrl","Ctrl","Trt","Trt","Trt","Ctrl","Ctrl","Trt","Ctrl","Trt","Trt","Trt","Ctrl","Ctrl","Ctrl","Trt","Ctrl","Trt","Ctrl","Ctrl","Trt","Ctrl","Trt","Trt","Ctrl","Trt","Ctrl","Trt","Trt","Ctrl","Ctrl","Trt","Ctrl","Trt","Ctrl","Trt","Ctrl","Ctrl","Trt","Ctrl","Ctrl","Trt","Trt","Trt","Ctrl","Ctrl","Trt","Ctrl","Ctrl","Trt","Trt","Trt","Trt"
69,"Ctrl","Trt","Trt","Ctrl","Trt","Ctrl","Ctrl","Ctrl","Trt","Trt","Ctrl","Trt","Ctrl","Trt","Trt","Ctrl","Trt","Trt","Ctrl","Ctrl","Trt","Ctrl","Trt","Ctrl","Trt","Ctrl","Ctrl","Ctrl","Trt","Trt","Trt","Ctrl","Trt","Ctrl","Trt","Ctrl","Trt","Trt","Ctrl","Ctrl","Trt","Ctrl","Ctrl","Ctrl","Trt","Trt","Trt","Ctrl","Trt","Ctrl","Trt","Ctrl","Trt","Ctrl","Ctrl","Ctrl","Trt","Trt","Trt","Ctrl","Trt","Ctrl","Ctrl","Trt","Trt","Trt","Ctrl","Ctrl","Ctrl","Trt","Trt","Trt","Ctrl","Ctrl","Trt","Ctrl","Trt","Trt","Trt","Ctrl","Ctrl","Ctrl","Trt","Ctrl","Trt","Ctrl","Ctrl","Trt","Ctrl","Trt","Trt","Ctrl","Trt","Ctrl","Trt","Trt","Ctrl","Ctrl","Trt","Ctrl","Trt","Ctrl","Trt","Ctrl","Ctrl","Trt","Ctrl","Ctrl","Trt","Trt","Trt","Ctrl","Ctrl","Trt","Ctrl","Ctrl","Trt","Trt","Trt","Trt"
70,"Ctrl","Trt","Trt","Ctrl","Trt","Ctrl","Ctrl","Ctrl","Trt","Trt","Ctrl","Trt","Ctrl","Trt","Trt","Ctrl","Trt","Trt","Ctrl","Ctrl","Trt","Ctrl","Trt","Ctrl","Trt","Ctrl","Ctrl","Ctrl","Trt","Trt","Trt","Ctrl","Trt","Ctrl","Trt","Ctrl","Trt","Trt","Ctrl","Ctrl","Trt","Ctrl","Ctrl","Ctrl","Trt","Trt","Trt","Ctrl","Trt","Ctrl","Trt","Ctrl","Trt","Ctrl","Ctrl","Ctrl","Trt","Trt","Trt","Ctrl","Trt","Ctrl","Ctrl","Trt","Trt","Trt","Ctrl","Ctrl","Ctrl","Trt","Trt","Trt","Ctrl","Ctrl","Trt","Ctrl","Trt","Trt","Trt","Ctrl","Ctrl","Ctrl","Trt","Ctrl","Trt","Ctrl","Ctrl","Trt","Ctrl","Trt","Trt","Ctrl","Trt","Ctrl","Trt","Trt","Ctrl","Ctrl","Trt","Ctrl","Trt","Ctrl","Trt","Ctrl","Ctrl","Trt","Ctrl","Ctrl","Trt","Trt","Trt","Ctrl","Ctrl","Trt","Ctrl","Ctrl","Trt","Trt","Trt","Trt"
71,"Ctrl","Trt","Trt","Ctrl","Trt","Ctrl","Ctrl","Ctrl","Trt","Trt","Ctrl","Trt","Ctrl","Trt","Trt","Ctrl","Trt","Trt","Ctrl","Ctrl","Trt","Ctrl","Trt","Ctrl","Trt","Ctrl","Ctrl","Ctrl","Trt","Trt","Trt","Ctrl","Trt","Ctrl","Trt","Ctrl","Trt","Trt","Ctrl","Ctrl","Trt","Ctrl","Ctrl","Ctrl","Trt","Trt","Trt","Ctrl","Trt","Ctrl","Trt","Ctrl","Trt","Ctrl","Ctrl","Ctrl","Trt","Trt","Trt","Ctrl","Trt","Ctrl","Ctrl","Trt","Trt","Trt","Ctrl","Ctrl","Ctrl","Trt","Trt","Trt","Ctrl","Ctrl","Trt","Ctrl","Trt","Trt","Trt","Ctrl","Ctrl","Ctrl","Trt","Ctrl","Trt","Ctrl","Ctrl","Trt","Ctrl","Trt","Trt","Ctrl","Trt","Ctrl","Trt","Trt","Ctrl","Ctrl","Trt","Ctrl","Trt","Ctrl","Trt","Ctrl","Ctrl","Trt","Ctrl","Ctrl","Trt","Trt","Trt","Ctrl","Ctrl","Trt","Ctrl","Ctrl","Trt","Trt","Trt","Trt"
72,"Ctrl","Trt","Trt","Ctrl","Trt","Ctrl","Ctrl","Ctrl","Trt","Trt","Ctrl","Trt","Ctrl","Trt","Trt","Ctrl","Trt","Trt","Ctrl","Ctrl","Trt","Ctrl","Trt","Ctrl","Trt","Ctrl","Ctrl","Ctrl","Trt","Trt","Trt","Ctrl","Trt","Ctrl","Trt","Ctrl","Trt","Trt","Ctrl","Ctrl","Trt","Ctrl","Ctrl","Ctrl","Trt","Trt","Trt","Ctrl","Trt","Ctrl","Trt","Ctrl","Trt","Ctrl","Ctrl","Ctrl","Trt","Trt","Trt","Ctrl","Trt","Ctrl","Ctrl","Trt","Trt","Trt","Ctrl","Ctrl","Ctrl","Trt","Trt","Trt","Ctrl","Ctrl","Trt","Ctrl","Trt","Trt","Trt","Ctrl","Ctrl","Ctrl","Trt","Ctrl","Trt","Ctrl","Ctrl","Trt","Ctrl","Trt","Trt","Ctrl","Trt","Ctrl","Trt","Trt","Ctrl","Ctrl","Trt","Ctrl","Trt","Ctrl","Trt","Ctrl","Ctrl","Trt","Ctrl","Ctrl","Trt","Trt","Trt","Ctrl","Ctrl","Trt","Ctrl","Ctrl","Trt","Trt","Trt","Trt"
73,"Ctrl","Trt","Trt","Ctrl","Trt","Ctrl","Ctrl","Ctrl","Trt","Trt","Ctrl","Trt","Ctrl","Trt","Trt","Ctrl","Trt","Trt","Ctrl","Ctrl","Trt","Ctrl","Trt","Ctrl","Trt","Ctrl","Ctrl","Ctrl","Trt","Trt","Trt","Ctrl","Trt","Ctrl","Trt","Ctrl","Trt","Trt","Ctrl","Ctrl","Trt","Ctrl","Ctrl","Ctrl","Trt","Trt","Trt","Ctrl","Trt","Ctrl","Trt","Ctrl","Trt","Ctrl","Ctrl","Ctrl","Trt","Trt","Trt","Ctrl","Trt","Ctrl","Ctrl","Trt","Trt","Trt","Ctrl","Ctrl","Ctrl","Trt","Trt","Trt","Ctrl","Ctrl","Trt","Ctrl","Trt","Trt","Trt","Ctrl","Ctrl","Ctrl","Trt","Ctrl","Trt","Ctrl","Ctrl","Trt","Ctrl","Trt","Trt","Ctrl","Trt","Ctrl","Trt","Trt","Ctrl","Ctrl","Trt","Ctrl","Trt","Ctrl","Trt","Ctrl","Ctrl","Trt","Ctrl","Ctrl","Trt","Trt","Trt","Ctrl","Ctrl","Trt","Ctrl","Ctrl","Trt","Trt","Trt","Trt"
74,"Ctrl","Trt","Trt","Ctrl","Trt","Ctrl","Ctrl","Ctrl","Trt","Trt","Ctrl","Trt","Ctrl","Trt","Trt","Ctrl","Trt","Trt","Ctrl","Ctrl","Trt","Ctrl","Trt","Ctrl","Trt","Ctrl","Ctrl","Ctrl","Trt","Trt","Trt","Ctrl","Trt","Ctrl","Trt","Ctrl","Trt","Trt","Ctrl","Ctrl","Trt","Ctrl","Ctrl","Ctrl","Trt","Trt","Trt","Ctrl","Trt","Ctrl","Trt","Ctrl","Trt","Ctrl","Ctrl","Ctrl","Trt","Trt","Trt","Ctrl","Trt","Ctrl","Ctrl","Trt","Trt","Trt","Ctrl","Ctrl","Ctrl","Trt","Trt","Trt","Ctrl","Ctrl","Trt","Ctrl","Trt","Trt","Trt","Ctrl","Ctrl","Ctrl","Trt","Ctrl","Trt","Ctrl","Ctrl","Trt","Ctrl","Trt","Trt","Ctrl","Trt","Ctrl","Trt","Trt","Ctrl","Ctrl","Trt","Ctrl","Trt","Ctrl","Trt","Ctrl","Ctrl","Trt","Ctrl","Ctrl","Trt","Trt","Trt","Ctrl","Ctrl","Trt","Ctrl","Ctrl","Trt","Trt","Trt","Trt"
75,"Ctrl","Trt","Trt","Ctrl","Trt","Ctrl","Ctrl","Ctrl","Trt","Trt","Ctrl","Trt","Ctrl","Trt","Trt","Ctrl","Trt","Trt","Ctrl","Ctrl","Trt","Ctrl","Trt","Ctrl","Trt","Ctrl","Ctrl","Ctrl","Trt","Trt","Trt","Ctrl","Trt","Ctrl","Trt","Ctrl","Trt","Trt","Ctrl","Ctrl","Trt","Ctrl","Ctrl","Ctrl","Trt","Trt","Trt","Ctrl","Trt","Ctrl","Trt","Ctrl","Trt","Ctrl","Ctrl","Ctrl","Trt","Trt","Trt","Ctrl","Trt","Ctrl","Ctrl","Trt","Trt","Trt","Ctrl","Ctrl","Ctrl","Trt","Trt","Trt","Ctrl","Ctrl","Trt","Ctrl","Trt","Trt","Trt","Ctrl","Ctrl","Ctrl","Trt","Ctrl","Trt","Ctrl","Ctrl","Trt","Ctrl","Trt","Trt","Ctrl","Trt","Ctrl","Trt","Trt","Ctrl","Ctrl","Trt","Ctrl","Trt","Ctrl","Trt","Ctrl","Ctrl","Trt","Ctrl","Ctrl","Trt","Trt","Trt","Ctrl","Ctrl","Trt","Ctrl","Ctrl","Trt","Trt","Trt","Trt"
76,"Ctrl","Trt","Trt","Ctrl","Trt","Ctrl","Ctrl","Ctrl","Trt","Trt","Ctrl","Trt","Ctrl","Trt","Trt","Ctrl","Trt","Trt","Ctrl","Ctrl","Trt","Ctrl","Trt","Ctrl","Trt","Ctrl","Ctrl","Ctrl","Trt","Trt","Trt","Ctrl","Trt","Ctrl","Trt","Ctrl","Trt","Trt","Ctrl","Ctrl","Trt","Ctrl","Ctrl","Ctrl","Trt","Trt","Trt","Ctrl","Trt","Ctrl","Trt","Ctrl","Trt","Ctrl","Ctrl","Ctrl","Trt","Trt","Trt","Ctrl","Trt","Ctrl","Ctrl","Trt","Trt","Trt","Ctrl","Ctrl","Ctrl","Trt","Trt","Trt","Ctrl","Ctrl","Trt","Ctrl","Trt","Trt","Trt","Ctrl","Ctrl","Ctrl","Trt","Ctrl","Trt","Ctrl","Ctrl","Trt","Ctrl","Trt","Trt","Ctrl","Trt","Ctrl","Trt","Trt","Ctrl","Ctrl","Trt","Ctrl","Trt","Ctrl","Trt","Ctrl","Ctrl","Trt","Ctrl","Ctrl","Trt","Trt","Trt","Ctrl","Ctrl","Trt","Ctrl","Ctrl","Trt","Trt","Trt","Trt"
77,"Ctrl","Trt","Trt","Ctrl","Trt","Ctrl","Ctrl","Ctrl","Trt","Trt","Ctrl","Trt","Ctrl","Trt","Trt","Ctrl","Trt","Trt","Ctrl","Ctrl","Trt","Ctrl","Trt","Ctrl","Trt","Ctrl","Ctrl","Ctrl","Trt","Trt","Trt","Ctrl","Trt","Ctrl","Trt","Ctrl","Trt","Trt","Ctrl","Ctrl","Trt","Ctrl","Ctrl","Ctrl","Trt","Trt","Trt","Ctrl","Trt","Ctrl","Trt","Ctrl","Trt","Ctrl","Ctrl","Ctrl","Trt","Trt","Trt","Ctrl","Trt","Ctrl","Ctrl","Trt","Trt","Trt","Ctrl","Ctrl","Ctrl","Trt","Trt","Trt","Ctrl","Ctrl","Trt","Ctrl","Trt","Trt","Trt","Ctrl","Ctrl","Ctrl","Trt","Ctrl","Trt","Ctrl","Ctrl","Trt","Ctrl","Trt","Trt","Ctrl","Trt","Ctrl","Trt","Trt","Ctrl","Ctrl","Trt","Ctrl","Trt","Ctrl","Trt","Ctrl","Ctrl","Trt","Ctrl","Ctrl","Trt","Trt","Trt","Ctrl","Ctrl","Trt","Ctrl","Ctrl","Trt","Trt","Trt","Trt"
78,"Ctrl","Trt","Trt","Ctrl","Trt","Ctrl","Ctrl","Ctrl","Trt","Trt","Ctrl","Trt","Ctrl","Trt","Trt","Ctrl","Trt","Trt","Ctrl","Ctrl","Trt","Ctrl","Trt","Ctrl","Trt","Ctrl","Ctrl","Ctrl","Trt","Trt","Trt","Ctrl","Trt","Ctrl","Trt","Ctrl","Trt","Trt","Ctrl","Ctrl","Trt","Ctrl","Ctrl","Ctrl","Trt","Trt","Trt","Ctrl","Trt","Ctrl","Trt","Ctrl","Trt","Ctrl","Ctrl","Ctrl","Trt","Trt","Trt","Ctrl","Trt","Ctrl","Ctrl","Trt","Trt","Trt","Ctrl","Ctrl","Ctrl","Trt","Trt","Trt","Ctrl","Ctrl","Trt","Ctrl","Trt","Trt","Trt","Ctrl","Ctrl","Ctrl","Trt","Ctrl","Trt","Ctrl","Ctrl","Trt","Ctrl","Trt","Trt","Ctrl","Trt","Ctrl","Trt","Trt","Ctrl","Ctrl","Trt","Ctrl","Trt","Ctrl","Trt","Ctrl","Ctrl","Trt","Ctrl","Ctrl","Trt","Trt","Trt","Ctrl","Ctrl","Trt","Ctrl","Ctrl","Trt","Trt","Trt","Trt"
79,"Ctrl","Trt","Trt","Ctrl","Trt","Ctrl","Ctrl","Ctrl","Trt","Trt","Ctrl","Trt","Ctrl","Trt","Trt","Ctrl","Trt","Trt","Ctrl","Ctrl","Trt","Ctrl","Trt","Ctrl","Trt","Ctrl","Ctrl","Ctrl","Trt","Trt","Trt","Ctrl","Trt","Ctrl","Trt","Ctrl","Trt","Trt","Ctrl","Ctrl","Trt","Ctrl","Ctrl","Ctrl","Trt","Trt","Trt","Ctrl","Trt","Ctrl","Trt","Ctrl","Trt","Ctrl","Ctrl","Ctrl","Trt","Trt","Trt","Ctrl","Trt","Ctrl","Ctrl","Trt","Trt","Trt","Ctrl","Ctrl","Ctrl","Trt","Trt","Trt","Ctrl","Ctrl","Trt","Ctrl","Trt","Trt","Trt","Ctrl","Ctrl","Ctrl","Trt","Ctrl","Trt","Ctrl","Ctrl","Trt","Ctrl","Trt","Trt","Ctrl","Trt","Ctrl","Trt","Trt","Ctrl","Ctrl","Trt","Ctrl","Trt","Ctrl","Trt","Ctrl","Ctrl","Trt","Ctrl","Ctrl","Trt","Trt","Trt","Ctrl","Ctrl","Trt","Ctrl","Ctrl","Trt","Trt","Trt","Trt"
80,"Ctrl","Trt","Trt","Ctrl","Trt","Ctrl","Ctrl","Ctrl","Trt","Trt","Ctrl","Trt","Ctrl","Trt","Trt","Ctrl","Trt","Trt","Ctrl","Ctrl","Trt","Ctrl","Trt","Ctrl","Trt","Ctrl","Ctrl","Ctrl","Trt","Trt","Trt","Ctrl","Trt","Ctrl","Trt","Ctrl","Trt","Trt","Ctrl","Ctrl","Trt","Ctrl","Ctrl","Ctrl","Trt","Trt","Trt","Ctrl","Trt","Ctrl","Trt","Ctrl","Trt","Ctrl","Ctrl","Ctrl","Trt","Trt","Trt","Ctrl","Trt","Ctrl","Ctrl","Trt","Trt","Trt","Ctrl","Ctrl","Ctrl","Trt","Trt","Trt","Ctrl","Ctrl","Trt","Ctrl","Trt","Trt","Trt","Ctrl","Ctrl","Ctrl","Trt","Ctrl","Trt","Ctrl","Ctrl","Trt","Ctrl","Trt","Trt","Ctrl","Trt","Ctrl","Trt","Trt","Ctrl","Ctrl","Trt","Ctrl","Trt","Ctrl","Trt","Ctrl","Ctrl","Trt","Ctrl","Ctrl","Trt","Trt","Trt","Ctrl","Ctrl","Trt","Ctrl","Ctrl","Trt","Trt","Trt","Trt"
81,"Ctrl","Trt","Trt","Ctrl","Trt","Ctrl","Ctrl","Ctrl","Trt","Trt","Ctrl","Trt","Ctrl","Trt","Trt","Ctrl","Trt","Trt","Ctrl","Ctrl","Trt","Ctrl","Trt","Ctrl","Trt","Ctrl","Ctrl","Ctrl","Trt","Trt","Trt","Ctrl","Trt","Ctrl","Trt","Ctrl","Trt","Trt","Ctrl","Ctrl","Trt","Ctrl","Ctrl","Ctrl","Trt","Trt","Trt","Ctrl","Trt","Ctrl","Trt","Ctrl","Trt","Ctrl","Ctrl","Ctrl","Trt","Trt","Trt","Ctrl","Trt","Ctrl","Ctrl","Trt","Trt","Trt","Ctrl","Ctrl","Ctrl","Trt","Trt","Trt","Ctrl","Ctrl","Trt","Ctrl","Trt","Trt","Trt","Ctrl","Ctrl","Ctrl","Trt","Ctrl","Trt","Ctrl","Ctrl","Trt","Ctrl","Trt","Trt","Ctrl","Trt","Ctrl","Trt","Trt","Ctrl","Ctrl","Trt","Ctrl","Trt","Ctrl","Trt","Ctrl","Ctrl","Trt","Ctrl","Ctrl","Trt","Trt","Trt","Ctrl","Ctrl","Trt","Ctrl","Ctrl","Trt","Trt","Trt","Trt"
82,"Ctrl","Trt","Trt","Ctrl","Trt","Ctrl","Ctrl","Ctrl","Trt","Trt","Ctrl","Trt","Ctrl","Trt","Trt","Ctrl","Trt","Trt","Ctrl","Ctrl","Trt","Ctrl","Trt","Ctrl","Trt","Ctrl","Ctrl","Ctrl","Trt","Trt","Trt","Ctrl","Trt","Ctrl","Trt","Ctrl","Trt","Trt","Ctrl","Ctrl","Trt","Ctrl","Ctrl","Ctrl","Trt","Trt","Trt","Ctrl","Trt","Ctrl","Trt","Ctrl","Trt","Ctrl","Ctrl","Ctrl","Trt","Trt","Trt","Ctrl","Trt","Ctrl","Ctrl","Trt","Trt","Trt","Ctrl","Ctrl","Ctrl","Trt","Trt","Trt","Ctrl","Ctrl","Trt","Ctrl","Trt","Trt","Trt","Ctrl","Ctrl","Ctrl","Trt","Ctrl","Trt","Ctrl","Ctrl","Trt","Ctrl","Trt","Trt","Ctrl","Trt","Ctrl","Trt","Trt","Ctrl","Ctrl","Trt","Ctrl","Trt","Ctrl","Trt","Ctrl","Ctrl","Trt","Ctrl","Ctrl","Trt","Trt","Trt","Ctrl","Ctrl","Trt","Ctrl","Ctrl","Trt","Trt","Trt","Trt"
83,"Ctrl","Trt","Trt","Ctrl","Trt","Ctrl","Ctrl","Ctrl","Trt","Trt","Ctrl","Trt","Ctrl","Trt","Trt","Ctrl","Trt","Trt","Ctrl","Ctrl","Trt","Ctrl","Trt","Ctrl","Trt","Ctrl","Ctrl","Ctrl","Trt","Trt","Trt","Ctrl","Trt","Ctrl","Trt","Ctrl","Trt","Trt","Ctrl","Ctrl","Trt","Ctrl","Ctrl","Ctrl","Trt","Trt","Trt","Ctrl","Trt","Ctrl","Trt","Ctrl","Trt","Ctrl","Ctrl","Ctrl","Trt","Trt","Trt","Ctrl","Trt","Ctrl","Ctrl","Trt","Trt","Trt","Ctrl","Ctrl","Ctrl","Trt","Trt","Trt","Ctrl","Ctrl","Trt","Ctrl","Trt","Trt","Trt","Ctrl","Ctrl","Ctrl","Trt","Ctrl","Trt","Ctrl","Ctrl","Trt","Ctrl","Trt","Trt","Ctrl","Trt","Ctrl","Trt","Trt","Ctrl","Ctrl","Trt","Ctrl","Trt","Ctrl","Trt","Ctrl","Ctrl","Trt","Ctrl","Ctrl","Trt","Trt","Trt","Ctrl","Ctrl","Trt","Ctrl","Ctrl","Trt","Trt","Trt","Trt"
84,"Ctrl","Trt","Trt","Ctrl","Trt","Ctrl","Ctrl","Ctrl","Trt","Trt","Ctrl","Trt","Ctrl","Trt","Trt","Ctrl","Trt","Trt","Ctrl","Ctrl","Trt","Ctrl","Trt","Ctrl","Trt","Ctrl","Ctrl","Ctrl","Trt","Trt","Trt","Ctrl","Trt","Ctrl","Trt","Ctrl","Trt","Trt","Ctrl","Ctrl","Trt","Ctrl","Ctrl","Ctrl","Trt","Trt","Trt","Ctrl","Trt","Ctrl","Trt","Ctrl","Trt","Ctrl","Ctrl","Ctrl","Trt","Trt","Trt","Ctrl","Trt","Ctrl","Ctrl","Trt","Trt","Trt","Ctrl","Ctrl","Ctrl","Trt","Trt","Trt","Ctrl","Ctrl","Trt","Ctrl","Trt","Trt","Trt","Ctrl","Ctrl","Ctrl","Trt","Ctrl","Trt","Ctrl","Ctrl","Trt","Ctrl","Trt","Trt","Ctrl","Trt","Ctrl","Trt","Trt","Ctrl","Ctrl","Trt","Ctrl","Trt","Ctrl","Trt","Ctrl","Ctrl","Trt","Ctrl","Ctrl","Trt","Trt","Trt","Ctrl","Ctrl","Trt","Ctrl","Ctrl","Trt","Trt","Trt","Trt"
85,"Ctrl","Trt","Trt","Ctrl","Trt","Ctrl","Ctrl","Ctrl","Trt","Trt","Ctrl","Trt","Ctrl","Trt","Trt","Ctrl","Trt","Trt","Ctrl","Ctrl","Trt","Ctrl","Trt","Ctrl","Trt","Ctrl","Ctrl","Ctrl","Trt","Trt","Trt","Ctrl","Trt","Ctrl","Trt","Ctrl","Trt","Trt","Ctrl","Ctrl","Trt","Ctrl","Ctrl","Ctrl","Trt","Trt","Trt","Ctrl","Trt","Ctrl","Trt","Ctrl","Trt","Ctrl","Ctrl","Ctrl","Trt","Trt","Trt","Ctrl","Trt","Ctrl","Ctrl","Trt","Trt","Trt","Ctrl","Ctrl","Ctrl","Trt","Trt","Trt","Ctrl","Ctrl","Trt","Ctrl","Trt","Trt","Trt","Ctrl","Ctrl","Ctrl","Trt","Ctrl","Trt","Ctrl","Ctrl","Trt","Ctrl","Trt","Trt","Ctrl","Trt","Ctrl","Trt","Trt","Ctrl","Ctrl","Trt","Ctrl","Trt","Ctrl","Trt","Ctrl","Ctrl","Trt","Ctrl","Ctrl","Trt","Trt","Trt","Ctrl","Ctrl","Trt","Ctrl","Ctrl","Trt","Trt","Trt","Trt"
86,"Ctrl","Trt","Trt","Ctrl","Trt","Ctrl","Ctrl","Ctrl","Trt","Trt","Ctrl","Trt","Ctrl","Trt","Trt","Ctrl","Trt","Trt","Ctrl","Ctrl","Trt","Ctrl","Trt","Ctrl","Trt","Ctrl","Ctrl","Ctrl","Trt","Trt","Trt","Ctrl","Trt","Ctrl","Trt","Ctrl","Trt","Trt","Ctrl","Ctrl","Trt","Ctrl","Ctrl","Ctrl","Trt","Trt","Trt","Ctrl","Trt","Ctrl","Trt","Ctrl","Trt","Ctrl","Ctrl","Ctrl","Trt","Trt","Trt","Ctrl","Trt","Ctrl","Ctrl","Trt","Trt","Trt","Ctrl","Ctrl","Ctrl","Trt","Trt","Trt","Ctrl","Ctrl","Trt","Ctrl","Trt","Trt","Trt","Ctrl","Ctrl","Ctrl","Trt","Ctrl","Trt","Ctrl","Ctrl","Trt","Ctrl","Trt","Trt","Ctrl","Trt","Ctrl","Trt","Trt","Ctrl","Ctrl","Trt","Ctrl","Trt","Ctrl","Trt","Ctrl","Ctrl","Trt","Ctrl","Ctrl","Trt","Trt","Trt","Ctrl","Ctrl","Trt","Ctrl","Ctrl","Trt","Trt","Trt","Trt"
87,"Ctrl","Trt","Trt","Ctrl","Trt","Ctrl","Ctrl","Ctrl","Trt","Trt","Ctrl","Trt","Ctrl","Trt","Trt","Ctrl","Trt","Trt","Ctrl","Ctrl","Trt","Ctrl","Trt","Ctrl","Trt","Ctrl","Ctrl","Ctrl","Trt","Trt","Trt","Ctrl","Trt","Ctrl","Trt","Ctrl","Trt","Trt","Ctrl","Ctrl","Trt","Ctrl","Ctrl","Ctrl","Trt","Trt","Trt","Ctrl","Trt","Ctrl","Trt","Ctrl","Trt","Ctrl","Ctrl","Ctrl","Trt","Trt","Trt","Ctrl","Trt","Ctrl","Ctrl","Trt","Trt","Trt","Ctrl","Ctrl","Ctrl","Trt","Trt","Trt","Ctrl","Ctrl","Trt","Ctrl","Trt","Trt","Trt","Ctrl","Ctrl","Ctrl","Trt","Ctrl","Trt","Ctrl","Ctrl","Trt","Ctrl","Trt","Trt","Ctrl","Trt","Ctrl","Trt","Trt","Ctrl","Ctrl","Trt","Ctrl","Trt","Ctrl","Trt","Ctrl","Ctrl","Trt","Ctrl","Ctrl","Trt","Trt","Trt","Ctrl","Ctrl","Trt","Ctrl","Ctrl","Trt","Trt","Trt","Trt"
88,"Ctrl","Trt","Trt","Ctrl","Trt","Ctrl","Ctrl","Ctrl","Trt","Trt","Ctrl","Trt","Ctrl","Trt","Trt","Ctrl","Trt","Trt","Ctrl","Ctrl","Trt","Ctrl","Trt","Ctrl","Trt","Ctrl","Ctrl","Ctrl","Trt","Trt","Trt","Ctrl","Trt","Ctrl","Trt","Ctrl","Trt","Trt","Ctrl","Ctrl","Trt","Ctrl","Ctrl","Ctrl","Trt","Trt","Trt","Ctrl","Trt","Ctrl","Trt","Ctrl","Trt","Ctrl","Ctrl","Ctrl","Trt","Trt","Trt","Ctrl","Trt","Ctrl","Ctrl","Trt","Trt","Trt","Ctrl","Ctrl","Ctrl","Trt","Trt","Trt","Ctrl","Ctrl","Trt","Ctrl","Trt","Trt","Trt","Ctrl","Ctrl","Ctrl","Trt","Ctrl","Trt","Ctrl","Ctrl","Trt","Ctrl","Trt","Trt","Ctrl","Trt","Ctrl","Trt","Trt","Ctrl","Ctrl","Trt","Ctrl","Trt","Ctrl","Trt","Ctrl","Ctrl","Trt","Ctrl","Ctrl","Trt","Trt","Trt","Ctrl","Ctrl","Trt","Ctrl","Ctrl","Trt","Trt","Trt","Trt"
89,"Ctrl","Trt","Trt","Ctrl","Trt","Ctrl","Ctrl","Ctrl","Trt","Trt","Ctrl","Trt","Ctrl","Trt","Trt","Ctrl","Trt","Trt","Ctrl","Ctrl","Trt","Ctrl","Trt","Ctrl","Trt","Ctrl","Ctrl","Ctrl","Trt","Trt","Trt","Ctrl","Trt","Ctrl","Trt","Ctrl","Trt","Trt","Ctrl","Ctrl","Trt","Ctrl","Ctrl","Ctrl","Trt","Trt","Trt","Ctrl","Trt","Ctrl","Trt","Ctrl","Trt","Ctrl","Ctrl","Ctrl","Trt","Trt","Trt","Ctrl","Trt","Ctrl","Ctrl","Trt","Trt","Trt","Ctrl","Ctrl","Ctrl","Trt","Trt","Trt","Ctrl","Ctrl","Trt","Ctrl","Trt","Trt","Trt","Ctrl","Ctrl","Ctrl","Trt","Ctrl","Trt","Ctrl","Ctrl","Trt","Ctrl","Trt","Trt","Ctrl","Trt","Ctrl","Trt","Trt","Ctrl","Ctrl","Trt","Ctrl","Trt","Ctrl","Trt","Ctrl","Ctrl","Trt","Ctrl","Ctrl","Trt","Trt","Trt","Ctrl","Ctrl","Trt","Ctrl","Ctrl","Trt","Trt","Trt","Trt"
90,"Ctrl","Trt","Trt","Ctrl","Trt","Ctrl","Ctrl","Ctrl","Trt","Trt","Ctrl","Trt","Ctrl","Trt","Trt","Ctrl","Trt","Trt","Ctrl","Ctrl","Trt","Ctrl","Trt","Ctrl","Trt","Ctrl","Ctrl","Ctrl","Trt","Trt","Trt","Ctrl","Trt","Ctrl","Trt","Ctrl","Trt","Trt","Ctrl","Ctrl","Trt","Ctrl","Ctrl","Ctrl","Trt","Trt","Trt","Ctrl","Trt","Ctrl","Trt","Ctrl","Trt","Ctrl","Ctrl","Ctrl","Trt","Trt","Trt","Ctrl","Trt","Ctrl","Ctrl","Trt","Trt","Trt","Ctrl","Ctrl","Ctrl","Trt","Trt","Trt","Ctrl","Ctrl","Trt","Ctrl","Trt","Trt","Trt","Ctrl","Ctrl","Ctrl","Trt","Ctrl","Trt","Ctrl","Ctrl","Trt","Ctrl","Trt","Trt","Ctrl","Trt","Ctrl","Trt","Trt","Ctrl","Ctrl","Trt","Ctrl","Trt","Ctrl","Trt","Ctrl","Ctrl","Trt","Ctrl","Ctrl","Trt","Trt","Trt","Ctrl","Ctrl","Trt","Ctrl","Ctrl","Trt","Trt","Trt","Trt"
91,"Ctrl","Trt","Trt","Ctrl","Trt","Ctrl","Ctrl","Ctrl","Trt","Trt","Ctrl","Trt","Ctrl","Trt","Trt","Ctrl","Trt","Trt","Ctrl","Ctrl","Trt","Ctrl","Trt","Ctrl","Trt","Ctrl","Ctrl","Ctrl","Trt","Trt","Trt","Ctrl","Trt","Ctrl","Trt","Ctrl","Trt","Trt","Ctrl","Ctrl","Trt","Ctrl","Ctrl","Ctrl","Trt","Trt","Trt","Ctrl","Trt","Ctrl","Trt","Ctrl","Trt","Ctrl","Ctrl","Ctrl","Trt","Trt","Trt","Ctrl","Trt","Ctrl","Ctrl","Trt","Trt","Trt","Ctrl","Ctrl","Ctrl","Trt","Trt","Trt","Ctrl","Ctrl","Trt","Ctrl","Trt","Trt","Trt","Ctrl","Ctrl","Ctrl","Trt","Ctrl","Trt","Ctrl","Ctrl","Trt","Ctrl","Trt","Trt","Ctrl","Trt","Ctrl","Trt","Trt","Ctrl","Ctrl","Trt","Ctrl","Trt","Ctrl","Trt","Ctrl","Ctrl","Trt","Ctrl","Ctrl","Trt","Trt","Trt","Ctrl","Ctrl","Trt","Ctrl","Ctrl","Trt","Trt","Trt","Trt"
92,"Ctrl","Trt","Trt","Ctrl","Trt","Ctrl","Ctrl","Ctrl","Trt","Trt","Ctrl","Trt","Ctrl","Trt","Trt","Ctrl","Trt","Trt","Ctrl","Ctrl","Trt","Ctrl","Trt","Ctrl","Trt","Ctrl","Ctrl","Ctrl","Trt","Trt","Trt","Ctrl","Trt","Ctrl","Trt","Ctrl","Trt","Trt","Ctrl","Ctrl","Trt","Ctrl","Ctrl","Ctrl","Trt","Trt","Trt","Ctrl","Trt","Ctrl","Trt","Ctrl","Trt","Ctrl","Ctrl","Ctrl","Trt","Trt","Trt","Ctrl","Trt","Ctrl","Ctrl","Trt","Trt","Trt","Ctrl","Ctrl","Ctrl","Trt","Trt","Trt","Ctrl","Ctrl","Trt","Ctrl","Trt","Trt","Trt","Ctrl","Ctrl","Ctrl","Trt","Ctrl","Trt","Ctrl","Ctrl","Trt","Ctrl","Trt","Trt","Ctrl","Trt","Ctrl","Trt","Trt","Ctrl","Ctrl","Trt","Ctrl","Trt","Ctrl","Trt","Ctrl","Ctrl","Trt","Ctrl","Ctrl","Trt","Trt","Trt","Ctrl","Ctrl","Trt","Ctrl","Ctrl","Trt","Trt","Trt","Trt"
93,"Ctrl","Trt","Trt","Ctrl","Trt","Ctrl","Ctrl","Ctrl","Trt","Trt","Ctrl","Trt","Ctrl","Trt","Trt","Ctrl","Trt","Trt","Ctrl","Ctrl","Trt","Ctrl","Trt","Ctrl","Trt","Ctrl","Ctrl","Ctrl","Trt","Trt","Trt","Ctrl","Trt","Ctrl","Trt","Ctrl","Trt","Trt","Ctrl","Ctrl","Trt","Ctrl","Ctrl","Ctrl","Trt","Trt","Trt","Ctrl","Trt","Ctrl","Trt","Ctrl","Trt","Ctrl","Ctrl","Ctrl","Trt","Trt","Trt","Ctrl","Trt","Ctrl","Ctrl","Trt","Trt","Trt","Ctrl","Ctrl","Ctrl","Trt","Trt","Trt","Ctrl","Ctrl","Trt","Ctrl","Trt","Trt","Trt","Ctrl","Ctrl","Ctrl","Trt","Ctrl","Trt","Ctrl","Ctrl","Trt","Ctrl","Trt","Trt","Ctrl","Trt","Ctrl","Trt","Trt","Ctrl","Ctrl","Trt","Ctrl","Trt","Ctrl","Trt","Ctrl","Ctrl","Trt","Ctrl","Ctrl","Trt","Trt","Trt","Ctrl","Ctrl","Trt","Ctrl","Ctrl","Trt","Trt","Trt","Trt"
94,"Ctrl","Trt","Trt","Ctrl","Trt","Ctrl","Ctrl","Ctrl","Trt","Trt","Ctrl","Trt","Ctrl","Trt","Trt","Ctrl","Trt","Trt","Ctrl","Ctrl","Trt","Ctrl","Trt","Ctrl","Trt","Ctrl","Ctrl","Ctrl","Trt","Trt","Trt","Ctrl","Trt","Ctrl","Trt","Ctrl","Trt","Trt","Ctrl","Ctrl","Trt","Ctrl","Ctrl","Ctrl","Trt","Trt","Trt","Ctrl","Trt","Ctrl","Trt","Ctrl","Trt","Ctrl","Ctrl","Ctrl","Trt","Trt","Trt","Ctrl","Trt","Ctrl","Ctrl","Trt","Trt","Trt","Ctrl","Ctrl","Ctrl","Trt","Trt","Trt","Ctrl","Ctrl","Trt","Ctrl","Trt","Trt","Trt","Ctrl","Ctrl","Ctrl","Trt","Ctrl","Trt","Ctrl","Ctrl","Trt","Ctrl","Trt","Trt","Ctrl","Trt","Ctrl","Trt","Trt","Ctrl","Ctrl","Trt","Ctrl","Trt","Ctrl","Trt","Ctrl","Ctrl","Trt","Ctrl","Ctrl","Trt","Trt","Trt","Ctrl","Ctrl","Trt","Ctrl","Ctrl","Trt","Trt","Trt","Trt"
95,"Ctrl","Trt","Trt","Ctrl","Trt","Ctrl","Ctrl","Ctrl","Trt","Trt","Ctrl","Trt","Ctrl","Trt","Trt","Ctrl","Trt","Trt","Ctrl","Ctrl","Trt","Ctrl","Trt","Ctrl","Trt","Ctrl","Ctrl","Ctrl","Trt","Trt","Trt","Ctrl","Trt","Ctrl","Trt","Ctrl","Trt","Trt","Ctrl","Ctrl","Trt","Ctrl","Ctrl","Ctrl","Trt","Trt","Trt","Ctrl","Trt","Ctrl","Trt","Ctrl","Trt","Ctrl","Ctrl","Ctrl","Trt","Trt","Trt","Ctrl","Trt","Ctrl","Ctrl","Trt","Trt","Trt","Ctrl","Ctrl","Ctrl","Trt","Trt","Trt","Ctrl","Ctrl","Trt","Ctrl","Trt","Trt","Trt","Ctrl","Ctrl","Ctrl","Trt","Ctrl","Trt","Ctrl","Ctrl","Trt","Ctrl","Trt","Trt","Ctrl","Trt","Ctrl","Trt","Trt","Ctrl","Ctrl","Trt","Ctrl","Trt","Ctrl","Trt","Ctrl","Ctrl","Trt","Ctrl","Ctrl","Trt","Trt","Trt","Ctrl","Ctrl","Trt","Ctrl","Ctrl","Trt","Trt","Trt","Trt"
96,"Ctrl","Trt","Trt","Ctrl","Trt","Ctrl","Ctrl","Ctrl","Trt","Trt","Ctrl","Trt","Ctrl","Trt","Trt","Ctrl","Trt","Trt","Ctrl","Ctrl","Trt","Ctrl","Trt","Ctrl","Trt","Ctrl","Ctrl","Ctrl","Trt","Trt","Trt","Ctrl","Trt","Ctrl","Trt","Ctrl","Trt","Trt","Ctrl","Ctrl","Trt","Ctrl","Ctrl","Ctrl","Trt","Trt","Trt","Ctrl","Trt","Ctrl","Trt","Ctrl","Trt","Ctrl","Ctrl","Ctrl","Trt","Trt","Trt","Ctrl","Trt","Ctrl","Ctrl","Trt","Trt","Trt","Ctrl","Ctrl","Ctrl","Trt","Trt","Trt","Ctrl","Ctrl","Trt","Ctrl","Trt","Trt","Trt","Ctrl","Ctrl","Ctrl","Trt","Ctrl","Trt","Ctrl","Ctrl","Trt","Ctrl","Trt","Trt","Ctrl","Trt","Ctrl","Trt","Trt","Ctrl","Ctrl","Trt","Ctrl","Trt","Ctrl","Trt","Ctrl","Ctrl","Trt","Ctrl","Ctrl","Trt","Trt","Trt","Ctrl","Ctrl","Trt","Ctrl","Ctrl","Trt","Trt","Trt","Trt"
97,"Ctrl","Trt","Trt","Ctrl","Trt","Ctrl","Ctrl","Ctrl","Trt","Trt","Ctrl","Trt","Ctrl","Trt","Trt","Ctrl","Trt","Trt","Ctrl","Ctrl","Trt","Ctrl","Trt","Ctrl","Trt","Ctrl","Ctrl","Ctrl","Trt","Trt","Trt","Ctrl","Trt","Ctrl","Trt","Ctrl","Trt","Trt","Ctrl","Ctrl","Trt","Ctrl","Ctrl","Ctrl","Trt","Trt","Trt","Ctrl","Trt","Ctrl","Trt","Ctrl","Trt","Ctrl","Ctrl","Ctrl","Trt","Trt","Trt","Ctrl","Trt","Ctrl","Ctrl","Trt","Trt","Trt","Ctrl","Ctrl","Ctrl","Trt","Trt","Trt","Ctrl","Ctrl","Trt","Ctrl","Trt","Trt","Trt","Ctrl","Ctrl","Ctrl","Trt","Ctrl","Trt","Ctrl","Ctrl","Trt","Ctrl","Trt","Trt","Ctrl","Trt","Ctrl","Trt","Trt","Ctrl","Ctrl","Trt","Ctrl","Trt","Ctrl","Trt","Ctrl","Ctrl","Trt","Ctrl","Ctrl","Trt","Trt","Trt","Ctrl","Ctrl","Trt","Ctrl","Ctrl","Trt","Trt","Trt","Trt"
98,"Ctrl","Trt","Trt","Ctrl","Trt","Ctrl","Ctrl","Ctrl","Trt","Trt","Ctrl","Trt","Ctrl","Trt","Trt","Ctrl","Trt","Trt","Ctrl","Ctrl","Trt","Ctrl","Trt","Ctrl","Trt","Ctrl","Ctrl","Ctrl","Trt","Trt","Trt","Ctrl","Trt","Ctrl","Trt","Ctrl","Trt","Trt","Ctrl","Ctrl","Trt","Ctrl","Ctrl","Ctrl","Trt","Trt","Trt","Ctrl","Trt","Ctrl","Trt","Ctrl","Trt","Ctrl","Ctrl","Ctrl","Trt","Trt","Trt","Ctrl","Trt","Ctrl","Ctrl","Trt","Trt","Trt","Ctrl","Ctrl","Ctrl","Trt","Trt","Trt","Ctrl","Ctrl","Trt","Ctrl","Trt","Trt","Trt","Ctrl","Ctrl","Ctrl","Trt","Ctrl","Trt","Ctrl","Ctrl","Trt","Ctrl","Trt","Trt","Ctrl","Trt","Ctrl","Trt","Trt","Ctrl","Ctrl","Trt","Ctrl","Trt","Ctrl","Trt","Ctrl","Ctrl","Trt","Ctrl","Ctrl","Trt","Trt","Trt","Ctrl","Ctrl","Trt","Ctrl","Ctrl","Trt","Trt","Trt","Trt"
99,"Ctrl","Trt","Trt","Ctrl","Trt","Ctrl","Ctrl","Ctrl","Trt","Trt","Ctrl","Trt","Ctrl","Trt","Trt","Ctrl","Trt","Trt","Ctrl","Ctrl","Trt","Ctrl","Trt","Ctrl","Trt","Ctrl","Ctrl","Ctrl","Trt","Trt","Trt","Ctrl","Trt","Ctrl","Trt","Ctrl","Trt","Trt","Ctrl","Ctrl","Trt","Ctrl","Ctrl","Ctrl","Trt","Trt","Trt","Ctrl","Trt","Ctrl","Trt","Ctrl","Trt","Ctrl","Ctrl","Ctrl","Trt","Trt","Trt","Ctrl","Trt","Ctrl","Ctrl","Trt","Trt","Trt","Ctrl","Ctrl","Ctrl","Trt","Trt","Trt","Ctrl","Ctrl","Trt","Ctrl","Trt","Trt","Trt","Ctrl","Ctrl","Ctrl","Trt","Ctrl","Trt","Ctrl","Ctrl","Trt","Ctrl","Trt","Trt","Ctrl","Trt","Ctrl","Trt","Trt","Ctrl","Ctrl","Trt","Ctrl","Trt","Ctrl","Trt","Ctrl","Ctrl","Trt","Ctrl","Ctrl","Trt","Trt","Trt","Ctrl","Ctrl","Trt","Ctrl","Ctrl","Trt","Trt","Trt","Trt"
100,"Ctrl","Trt","Trt","Ctrl","Trt","Ctrl","Ctrl","Ctrl","Trt","Trt","Ctrl","Trt","Ctrl","Trt","Trt","Ctrl","Trt","Trt","Ctrl","Ctrl","Trt","Ctrl","Trt","Ctrl","Trt","Ctrl","Ctrl","Ctrl","Trt","Trt","Trt","Ctrl","Trt","Ctrl","Trt","Ctrl","Trt","Trt","Ctrl","Ctrl","Trt","Ctrl","Ctrl","Ctrl","Trt","Trt","Trt","Ctrl","Trt","Ctrl","Trt","Ctrl","Trt","Ctrl","Ctrl","Ctrl","Trt","Trt","Trt","Ctrl","Trt","Ctrl","Ctrl","Trt","Trt","Trt","Ctrl","Ctrl","Ctrl","Trt","Trt","Trt","Ctrl","Ctrl","Trt","Ctrl","Trt","Trt","Trt","Ctrl","Ctrl","Ctrl","Trt","Ctrl","Trt","Ctrl","Ctrl","Trt","Ctrl","Trt","Trt","Ctrl","Trt","Ctrl","Trt","Trt","Ctrl","Ctrl","Trt","Ctrl","Trt","Ctrl","Trt","Ctrl","Ctrl","Trt","Ctrl","Ctrl","Trt","Trt","Trt","Ctrl","Ctrl","Trt","Ctrl","Ctrl","Trt","Trt","Trt","Trt"
101,"Ctrl","Trt","Trt","Ctrl","Trt","Ctrl","Ctrl","Ctrl","Trt","Trt","Ctrl","Trt","Ctrl","Trt","Trt","Ctrl","Trt","Trt","Ctrl","Ctrl","Trt","Ctrl","Trt","Ctrl","Trt","Ctrl","Ctrl","Ctrl","Trt","Trt","Trt","Ctrl","Trt","Ctrl","Trt","Ctrl","Trt","Trt","Ctrl","Ctrl","Trt","Ctrl","Ctrl","Ctrl","Trt","Trt","Trt","Ctrl","Trt","Ctrl","Trt","Ctrl","Trt","Ctrl","Ctrl","Ctrl","Trt","Trt","Trt","Ctrl","Trt","Ctrl","Ctrl","Trt","Trt","Trt","Ctrl","Ctrl","Ctrl","Trt","Trt","Trt","Ctrl","Ctrl","Trt","Ctrl","Trt","Trt","Trt","Ctrl","Ctrl","Ctrl","Trt","Ctrl","Trt","Ctrl","Ctrl","Trt","Ctrl","Trt","Trt","Ctrl","Trt","Ctrl","Trt","Trt","Ctrl","Ctrl","Trt","Ctrl","Trt","Ctrl","Trt","Ctrl","Ctrl","Trt","Ctrl","Ctrl","Trt","Trt","Trt","Ctrl","Ctrl","Trt","Ctrl","Ctrl","Trt","Trt","Trt","Trt"
102,"Ctrl","Trt","Trt","Ctrl","Trt","Ctrl","Ctrl","Ctrl","Trt","Trt","Ctrl","Trt","Ctrl","Trt","Trt","Ctrl","Trt","Trt","Ctrl","Ctrl","Trt","Ctrl","Trt","Ctrl","Trt","Ctrl","Ctrl","Ctrl","Trt","Trt","Trt","Ctrl","Trt","Ctrl","Trt","Ctrl","Trt","Trt","Ctrl","Ctrl","Trt","Ctrl","Ctrl","Ctrl","Trt","Trt","Trt","Ctrl","Trt","Ctrl","Trt","Ctrl","Trt","Ctrl","Ctrl","Ctrl","Trt","Trt","Trt","Ctrl","Trt","Ctrl","Ctrl","Trt","Trt","Trt","Ctrl","Ctrl","Ctrl","Trt","Trt","Trt","Ctrl","Ctrl","Trt","Ctrl","Trt","Trt","Trt","Ctrl","Ctrl","Ctrl","Trt","Ctrl","Trt","Ctrl","Ctrl","Trt","Ctrl","Trt","Trt","Ctrl","Trt","Ctrl","Trt","Trt","Ctrl","Ctrl","Trt","Ctrl","Trt","Ctrl","Trt","Ctrl","Ctrl","Trt","Ctrl","Ctrl","Trt","Trt","Trt","Ctrl","Ctrl","Trt","Ctrl","Ctrl","Trt","Trt","Trt","Trt"
103,"Ctrl","Trt","Trt","Ctrl","Trt","Ctrl","Ctrl","Ctrl","Trt","Trt","Ctrl","Trt","Ctrl","Trt","Trt","Ctrl","Trt","Trt","Ctrl","Ctrl","Trt","Ctrl","Trt","Ctrl","Trt","Ctrl","Ctrl","Ctrl","Trt","Trt","Trt","Ctrl","Trt","Ctrl","Trt","Ctrl","Trt","Trt","Ctrl","Ctrl","Trt","Ctrl","Ctrl","Ctrl","Trt","Trt","Trt","Ctrl","Trt","Ctrl","Trt","Ctrl","Trt","Ctrl","Ctrl","Ctrl","Trt","Trt","Trt","Ctrl","Trt","Ctrl","Ctrl","Trt","Trt","Trt","Ctrl","Ctrl","Ctrl","Trt","Trt","Trt","Ctrl","Ctrl","Trt","Ctrl","Trt","Trt","Trt","Ctrl","Ctrl","Ctrl","Trt","Ctrl","Trt","Ctrl","Ctrl","Trt","Ctrl","Trt","Trt","Ctrl","Trt","Ctrl","Trt","Trt","Ctrl","Ctrl","Trt","Ctrl","Trt","Ctrl","Trt","Ctrl","Ctrl","Trt","Ctrl","Ctrl","Trt","Trt","Trt","Ctrl","Ctrl","Trt","Ctrl","Ctrl","Trt","Trt","Trt","Trt"
104,"Ctrl","Trt","Trt","Ctrl","Trt","Ctrl","Ctrl","Ctrl","Trt","Trt","Ctrl","Trt","Ctrl","Trt","Trt","Ctrl","Trt","Trt","Ctrl","Ctrl","Trt","Ctrl","Trt","Ctrl","Trt","Ctrl","Ctrl","Ctrl","Trt","Trt","Trt","Ctrl","Trt","Ctrl","Trt","Ctrl","Trt","Trt","Ctrl","Ctrl","Trt","Ctrl","Ctrl","Ctrl","Trt","Trt","Trt","Ctrl","Trt","Ctrl","Trt","Ctrl","Trt","Ctrl","Ctrl","Ctrl","Trt","Trt","Trt","Ctrl","Trt","Ctrl","Ctrl","Trt","Trt","Trt","Ctrl","Ctrl","Ctrl","Trt","Trt","Trt","Ctrl","Ctrl","Trt","Ctrl","Trt","Trt","Trt","Ctrl","Ctrl","Ctrl","Trt","Ctrl","Trt","Ctrl","Ctrl","Trt","Ctrl","Trt","Trt","Ctrl","Trt","Ctrl","Trt","Trt","Ctrl","Ctrl","Trt","Ctrl","Trt","Ctrl","Trt","Ctrl","Ctrl","Trt","Ctrl","Ctrl","Trt","Trt","Trt","Ctrl","Ctrl","Trt","Ctrl","Ctrl","Trt","Trt","Trt","Trt"
105,"Ctrl","Trt","Trt","Ctrl","Trt","Ctrl","Ctrl","Ctrl","Trt","Trt","Ctrl","Trt","Ctrl","Trt","Trt","Ctrl","Trt","Trt","Ctrl","Ctrl","Trt","Ctrl","Trt","Ctrl","Trt","Ctrl","Ctrl","Ctrl","Trt","Trt","Trt","Ctrl","Trt","Ctrl","Trt","Ctrl","Trt","Trt","Ctrl","Ctrl","Trt","Ctrl","Ctrl","Ctrl","Trt","Trt","Trt","Ctrl","Trt","Ctrl","Trt","Ctrl","Trt","Ctrl","Ctrl","Ctrl","Trt","Trt","Trt","Ctrl","Trt","Ctrl","Ctrl","Trt","Trt","Trt","Ctrl","Ctrl","Ctrl","Trt","Trt","Trt","Ctrl","Ctrl","Trt","Ctrl","Trt","Trt","Trt","Ctrl","Ctrl","Ctrl","Trt","Ctrl","Trt","Ctrl","Ctrl","Trt","Ctrl","Trt","Trt","Ctrl","Trt","Ctrl","Trt","Trt","Ctrl","Ctrl","Trt","Ctrl","Trt","Ctrl","Trt","Ctrl","Ctrl","Trt","Ctrl","Ctrl","Trt","Trt","Trt","Ctrl","Ctrl","Trt","Ctrl","Ctrl","Trt","Trt","Trt","Trt"
106,"Ctrl","Trt","Trt","Ctrl","Trt","Ctrl","Ctrl","Ctrl","Trt","Trt","Ctrl","Trt","Ctrl","Trt","Trt","Ctrl","Trt","Trt","Ctrl","Ctrl","Trt","Ctrl","Trt","Ctrl","Trt","Ctrl","Ctrl","Ctrl","Trt","Trt","Trt","Ctrl","Trt","Ctrl","Trt","Ctrl","Trt","Trt","Ctrl","Ctrl","Trt","Ctrl","Ctrl","Ctrl","Trt","Trt","Trt","Ctrl","Trt","Ctrl","Trt","Ctrl","Trt","Ctrl","Ctrl","Ctrl","Trt","Trt","Trt","Ctrl","Trt","Ctrl","Ctrl","Trt","Trt","Trt","Ctrl","Ctrl","Ctrl","Trt","Trt","Trt","Ctrl","Ctrl","Trt","Ctrl","Trt","Trt","Trt","Ctrl","Ctrl","Ctrl","Trt","Ctrl","Trt","Ctrl","Ctrl","Trt","Ctrl","Trt","Trt","Ctrl","Trt","Ctrl","Trt","Trt","Ctrl","Ctrl","Trt","Ctrl","Trt","Ctrl","Trt","Ctrl","Ctrl","Trt","Ctrl","Ctrl","Trt","Trt","Trt","Ctrl","Ctrl","Trt","Ctrl","Ctrl","Trt","Trt","Trt","Trt"
107,"Ctrl","Trt","Trt","Ctrl","Trt","Ctrl","Ctrl","Ctrl","Trt","Trt","Ctrl","Trt","Ctrl","Trt","Trt","Ctrl","Trt","Trt","Ctrl","Ctrl","Trt","Ctrl","Trt","Ctrl","Trt","Ctrl","Ctrl","Ctrl","Trt","Trt","Trt","Ctrl","Trt","Ctrl","Trt","Ctrl","Trt","Trt","Ctrl","Ctrl","Trt","Ctrl","Ctrl","Ctrl","Trt","Trt","Trt","Ctrl","Trt","Ctrl","Trt","Ctrl","Trt","Ctrl","Ctrl","Ctrl","Trt","Trt","Trt","Ctrl","Trt","Ctrl","Ctrl","Trt","Trt","Trt","Ctrl","Ctrl","Ctrl","Trt","Trt","Trt","Ctrl","Ctrl","Trt","Ctrl","Trt","Trt","Trt","Ctrl","Ctrl","Ctrl","Trt","Ctrl","Trt","Ctrl","Ctrl","Trt","Ctrl","Trt","Trt","Ctrl","Trt","Ctrl","Trt","Trt","Ctrl","Ctrl","Trt","Ctrl","Trt","Ctrl","Trt","Ctrl","Ctrl","Trt","Ctrl","Ctrl","Trt","Trt","Trt","Ctrl","Ctrl","Trt","Ctrl","Ctrl","Trt","Trt","Trt","Trt"
108,"Ctrl","Trt","Trt","Ctrl","Trt","Ctrl","Ctrl","Ctrl","Trt","Trt","Ctrl","Trt","Ctrl","Trt","Trt","Ctrl","Trt","Trt","Ctrl","Ctrl","Trt","Ctrl","Trt","Ctrl","Trt","Ctrl","Ctrl","Ctrl","Trt","Trt","Trt","Ctrl","Trt","Ctrl","Trt","Ctrl","Trt","Trt","Ctrl","Ctrl","Trt","Ctrl","Ctrl","Ctrl","Trt","Trt","Trt","Ctrl","Trt","Ctrl","Trt","Ctrl","Trt","Ctrl","Ctrl","Ctrl","Trt","Trt","Trt","Ctrl","Trt","Ctrl","Ctrl","Trt","Trt","Trt","Ctrl","Ctrl","Ctrl","Trt","Trt","Trt","Ctrl","Ctrl","Trt","Ctrl","Trt","Trt","Trt","Ctrl","Ctrl","Ctrl","Trt","Ctrl","Trt","Ctrl","Ctrl","Trt","Ctrl","Trt","Trt","Ctrl","Trt","Ctrl","Trt","Trt","Ctrl","Ctrl","Trt","Ctrl","Trt","Ctrl","Trt","Ctrl","Ctrl","Trt","Ctrl","Ctrl","Trt","Trt","Trt","Ctrl","Ctrl","Trt","Ctrl","Ctrl","Trt","Trt","Trt","Trt"
109,"Ctrl","Trt","Trt","Ctrl","Trt","Ctrl","Ctrl","Ctrl","Trt","Trt","Ctrl","Trt","Ctrl","Trt","Trt","Ctrl","Trt","Trt","Ctrl","Ctrl","Trt","Ctrl","Trt","Ctrl","Trt","Ctrl","Ctrl","Ctrl","Trt","Trt","Trt","Ctrl","Trt","Ctrl","Trt","Ctrl","Trt","Trt","Ctrl","Ctrl","Trt","Ctrl","Ctrl","Ctrl","Trt","Trt","Trt","Ctrl","Trt","Ctrl","Trt","Ctrl","Trt","Ctrl","Ctrl","Ctrl","Trt","Trt","Trt","Ctrl","Trt","Ctrl","Ctrl","Trt","Trt","Trt","Ctrl","Ctrl","Ctrl","Trt","Trt","Trt","Ctrl","Ctrl","Trt","Ctrl","Trt","Trt","Trt","Ctrl","Ctrl","Ctrl","Trt","Ctrl","Trt","Ctrl","Ctrl","Trt","Ctrl","Trt","Trt","Ctrl","Trt","Ctrl","Trt","Trt","Ctrl","Ctrl","Trt","Ctrl","Trt","Ctrl","Trt","Ctrl","Ctrl","Trt","Ctrl","Ctrl","Trt","Trt","Trt","Ctrl","Ctrl","Trt","Ctrl","Ctrl","Trt","Trt","Trt","Trt"
110,"Ctrl","Trt","Trt","Ctrl","Trt","Ctrl","Ctrl","Ctrl","Trt","Trt","Ctrl","Trt","Ctrl","Trt","Trt","Ctrl","Trt","Trt","Ctrl","Ctrl","Trt","Ctrl","Trt","Ctrl","Trt","Ctrl","Ctrl","Ctrl","Trt","Trt","Trt","Ctrl","Trt","Ctrl","Trt","Ctrl","Trt","Trt","Ctrl","Ctrl","Trt","Ctrl","Ctrl","Ctrl","Trt","Trt","Trt","Ctrl","Trt","Ctrl","Trt","Ctrl","Trt","Ctrl","Ctrl","Ctrl","Trt","Trt","Trt","Ctrl","Trt","Ctrl","Ctrl","Trt","Trt","Trt","Ctrl","Ctrl","Ctrl","Trt","Trt","Trt","Ctrl","Ctrl","Trt","Ctrl","Trt","Trt","Trt","Ctrl","Ctrl","Ctrl","Trt","Ctrl","Trt","Ctrl","Ctrl","Trt","Ctrl","Trt","Trt","Ctrl","Trt","Ctrl","Trt","Trt","Ctrl","Ctrl","Trt","Ctrl","Trt","Ctrl","Trt","Ctrl","Ctrl","Trt","Ctrl","Ctrl","Trt","Trt","Trt","Ctrl","Ctrl","Trt","Ctrl","Ctrl","Trt","Trt","Trt","Trt"
111,"Ctrl","Trt","Trt","Ctrl","Trt","Ctrl","Ctrl","Ctrl","Trt","Trt","Ctrl","Trt","Ctrl","Trt","Trt","Ctrl","Trt","Trt","Ctrl","Ctrl","Trt","Ctrl","Trt","Ctrl","Trt","Ctrl","Ctrl","Ctrl","Trt","Trt","Trt","Ctrl","Trt","Ctrl","Trt","Ctrl","Trt","Trt","Ctrl","Ctrl","Trt","Ctrl","Ctrl","Ctrl","Trt","Trt","Trt","Ctrl","Trt","Ctrl","Trt","Ctrl","Trt","Ctrl","Ctrl","Ctrl","Trt","Trt","Trt","Ctrl","Trt","Ctrl","Ctrl","Trt","Trt","Trt","Ctrl","Ctrl","Ctrl","Trt","Trt","Trt","Ctrl","Ctrl","Trt","Ctrl","Trt","Trt","Trt","Ctrl","Ctrl","Ctrl","Trt","Ctrl","Trt","Ctrl","Ctrl","Trt","Ctrl","Trt","Trt","Ctrl","Trt","Ctrl","Trt","Trt","Ctrl","Ctrl","Trt","Ctrl","Trt","Ctrl","Trt","Ctrl","Ctrl","Trt","Ctrl","Ctrl","Trt","Trt","Trt","Ctrl","Ctrl","Trt","Ctrl","Ctrl","Trt","Trt","Trt","Trt"
112,"Ctrl","Trt","Trt","Ctrl","Trt","Ctrl","Ctrl","Ctrl","Trt","Trt","Ctrl","Trt","Ctrl","Trt","Trt","Ctrl","Trt","Trt","Ctrl","Ctrl","Trt","Ctrl","Trt","Ctrl","Trt","Ctrl","Ctrl","Ctrl","Trt","Trt","Trt","Ctrl","Trt","Ctrl","Trt","Ctrl","Trt","Trt","Ctrl","Ctrl","Trt","Ctrl","Ctrl","Ctrl","Trt","Trt","Trt","Ctrl","Trt","Ctrl","Trt","Ctrl","Trt","Ctrl","Ctrl","Ctrl","Trt","Trt","Trt","Ctrl","Trt","Ctrl","Ctrl","Trt","Trt","Trt","Ctrl","Ctrl","Ctrl","Trt","Trt","Trt","Ctrl","Ctrl","Trt","Ctrl","Trt","Trt","Trt","Ctrl","Ctrl","Ctrl","Trt","Ctrl","Trt","Ctrl","Ctrl","Trt","Ctrl","Trt","Trt","Ctrl","Trt","Ctrl","Trt","Trt","Ctrl","Ctrl","Trt","Ctrl","Trt","Ctrl","Trt","Ctrl","Ctrl","Trt","Ctrl","Ctrl","Trt","Trt","Trt","Ctrl","Ctrl","Trt","Ctrl","Ctrl","Trt","Trt","Trt","Trt"
113,"Ctrl","Trt","Trt","Ctrl","Trt","Ctrl","Ctrl","Ctrl","Trt","Trt","Ctrl","Trt","Ctrl","Trt","Trt","Ctrl","Trt","Trt","Ctrl","Ctrl","Trt","Ctrl","Trt","Ctrl","Trt","Ctrl","Ctrl","Ctrl","Trt","Trt","Trt","Ctrl","Trt","Ctrl","Trt","Ctrl","Trt","Trt","Ctrl","Ctrl","Trt","Ctrl","Ctrl","Ctrl","Trt","Trt","Trt","Ctrl","Trt","Ctrl","Trt","Ctrl","Trt","Ctrl","Ctrl","Ctrl","Trt","Trt","Trt","Ctrl","Trt","Ctrl","Ctrl","Trt","Trt","Trt","Ctrl","Ctrl","Ctrl","Trt","Trt","Trt","Ctrl","Ctrl","Trt","Ctrl","Trt","Trt","Trt","Ctrl","Ctrl","Ctrl","Trt","Ctrl","Trt","Ctrl","Ctrl","Trt","Ctrl","Trt","Trt","Ctrl","Trt","Ctrl","Trt","Trt","Ctrl","Ctrl","Trt","Ctrl","Trt","Ctrl","Trt","Ctrl","Ctrl","Trt","Ctrl","Ctrl","Trt","Trt","Trt","Ctrl","Ctrl","Trt","Ctrl","Ctrl","Trt","Trt","Trt","Trt"
114,"Ctrl","Trt","Trt","Ctrl","Trt","Ctrl","Ctrl","Ctrl","Trt","Trt","Ctrl","Trt","Ctrl","Trt","Trt","Ctrl","Trt","Trt","Ctrl","Ctrl","Trt","Ctrl","Trt","Ctrl","Trt","Ctrl","Ctrl","Ctrl","Trt","Trt","Trt","Ctrl","Trt","Ctrl","Trt","Ctrl","Trt","Trt","Ctrl","Ctrl","Trt","Ctrl","Ctrl","Ctrl","Trt","Trt","Trt","Ctrl","Trt","Ctrl","Trt","Ctrl","Trt","Ctrl","Ctrl","Ctrl","Trt","Trt","Trt","Ctrl","Trt","Ctrl","Ctrl","Trt","Trt","Trt","Ctrl","Ctrl","Ctrl","Trt","Trt","Trt","Ctrl","Ctrl","Trt","Ctrl","Trt","Trt","Trt","Ctrl","Ctrl","Ctrl","Trt","Ctrl","Trt","Ctrl","Ctrl","Trt","Ctrl","Trt","Trt","Ctrl","Trt","Ctrl","Trt","Trt","Ctrl","Ctrl","Trt","Ctrl","Trt","Ctrl","Trt","Ctrl","Ctrl","Trt","Ctrl","Ctrl","Trt","Trt","Trt","Ctrl","Ctrl","Trt","Ctrl","Ctrl","Trt","Trt","Trt","Trt"
115,"Ctrl","Trt","Trt","Ctrl","Trt","Ctrl","Ctrl","Ctrl","Trt","Trt","Ctrl","Trt","Ctrl","Trt","Trt","Ctrl","Trt","Trt","Ctrl","Ctrl","Trt","Ctrl","Trt","Ctrl","Trt","Ctrl","Ctrl","Ctrl","Trt","Trt","Trt","Ctrl","Trt","Ctrl","Trt","Ctrl","Trt","Trt","Ctrl","Ctrl","Trt","Ctrl","Ctrl","Ctrl","Trt","Trt","Trt","Ctrl","Trt","Ctrl","Trt","Ctrl","Trt","Ctrl","Ctrl","Ctrl","Trt","Trt","Trt","Ctrl","Trt","Ctrl","Ctrl","Trt","Trt","Trt","Ctrl","Ctrl","Ctrl","Trt","Trt","Trt","Ctrl","Ctrl","Trt","Ctrl","Trt","Trt","Trt","Ctrl","Ctrl","Ctrl","Trt","Ctrl","Trt","Ctrl","Ctrl","Trt","Ctrl","Trt","Trt","Ctrl","Trt","Ctrl","Trt","Trt","Ctrl","Ctrl","Trt","Ctrl","Trt","Ctrl","Trt","Ctrl","Ctrl","Trt","Ctrl","Ctrl","Trt","Trt","Trt","Ctrl","Ctrl","Trt","Ctrl","Ctrl","Trt","Trt","Trt","Trt"
116,"Ctrl","Trt","Trt","Ctrl","Trt","Ctrl","Ctrl","Ctrl","Trt","Trt","Ctrl","Trt","Ctrl","Trt","Trt","Ctrl","Trt","Trt","Ctrl","Ctrl","Trt","Ctrl","Trt","Ctrl","Trt","Ctrl","Ctrl","Ctrl","Trt","Trt","Trt","Ctrl","Trt","Ctrl","Trt","Ctrl","Trt","Trt","Ctrl","Ctrl","Trt","Ctrl","Ctrl","Ctrl","Trt","Trt","Trt","Ctrl","Trt","Ctrl","Trt","Ctrl","Trt","Ctrl","Ctrl","Ctrl","Trt","Trt","Trt","Ctrl","Trt","Ctrl","Ctrl","Trt","Trt","Trt","Ctrl","Ctrl","Ctrl","Trt","Trt","Trt","Ctrl","Ctrl","Trt","Ctrl","Trt","Trt","Trt","Ctrl","Ctrl","Ctrl","Trt","Ctrl","Trt","Ctrl","Ctrl","Trt","Ctrl","Trt","Trt","Ctrl","Trt","Ctrl","Trt","Trt","Ctrl","Ctrl","Trt","Ctrl","Trt","Ctrl","Trt","Ctrl","Ctrl","Trt","Ctrl","Ctrl","Trt","Trt","Trt","Ctrl","Ctrl","Trt","Ctrl","Ctrl","Trt","Trt","Trt","Trt"
117,"Ctrl","Trt","Trt","Ctrl","Trt","Ctrl","Ctrl","Ctrl","Trt","Trt","Ctrl","Trt","Ctrl","Trt","Trt","Ctrl","Trt","Trt","Ctrl","Ctrl","Trt","Ctrl","Trt","Ctrl","Trt","Ctrl","Ctrl","Ctrl","Trt","Trt","Trt","Ctrl","Trt","Ctrl","Trt","Ctrl","Trt","Trt","Ctrl","Ctrl","Trt","Ctrl","Ctrl","Ctrl","Trt","Trt","Trt","Ctrl","Trt","Ctrl","Trt","Ctrl","Trt","Ctrl","Ctrl","Ctrl","Trt","Trt","Trt","Ctrl","Trt","Ctrl","Ctrl","Trt","Trt","Trt","Ctrl","Ctrl","Ctrl","Trt","Trt","Trt","Ctrl","Ctrl","Trt","Ctrl","Trt","Trt","Trt","Ctrl","Ctrl","Ctrl","Trt","Ctrl","Trt","Ctrl","Ctrl","Trt","Ctrl","Trt","Trt","Ctrl","Trt","Ctrl","Trt","Trt","Ctrl","Ctrl","Trt","Ctrl","Trt","Ctrl","Trt","Ctrl","Ctrl","Trt","Ctrl","Ctrl","Trt","Trt","Trt","Ctrl","Ctrl","Trt","Ctrl","Ctrl","Trt","Trt","Trt","Trt"
118,"Ctrl","Trt","Trt","Ctrl","Trt","Ctrl","Ctrl","Ctrl","Trt","Trt","Ctrl","Trt","Ctrl","Trt","Trt","Ctrl","Trt","Trt","Ctrl","Ctrl","Trt","Ctrl","Trt","Ctrl","Trt","Ctrl","Ctrl","Ctrl","Trt","Trt","Trt","Ctrl","Trt","Ctrl","Trt","Ctrl","Trt","Trt","Ctrl","Ctrl","Trt","Ctrl","Ctrl","Ctrl","Trt","Trt","Trt","Ctrl","Trt","Ctrl","Trt","Ctrl","Trt","Ctrl","Ctrl","Ctrl","Trt","Trt","Trt","Ctrl","Trt","Ctrl","Ctrl","Trt","Trt","Trt","Ctrl","Ctrl","Ctrl","Trt","Trt","Trt","Ctrl","Ctrl","Trt","Ctrl","Trt","Trt","Trt","Ctrl","Ctrl","Ctrl","Trt","Ctrl","Trt","Ctrl","Ctrl","Trt","Ctrl","Trt","Trt","Ctrl","Trt","Ctrl","Trt","Trt","Ctrl","Ctrl","Trt","Ctrl","Trt","Ctrl","Trt","Ctrl","Ctrl","Trt","Ctrl","Ctrl","Trt","Trt","Trt","Ctrl","Ctrl","Trt","Ctrl","Ctrl","Trt","Trt","Trt","Trt"
119,"Ctrl","Trt","Trt","Ctrl","Trt","Ctrl","Ctrl","Ctrl","Trt","Trt","Ctrl","Trt","Ctrl","Trt","Trt","Ctrl","Trt","Trt","Ctrl","Ctrl","Trt","Ctrl","Trt","Ctrl","Trt","Ctrl","Ctrl","Ctrl","Trt","Trt","Trt","Ctrl","Trt","Ctrl","Trt","Ctrl","Trt","Trt","Ctrl","Ctrl","Trt","Ctrl","Ctrl","Ctrl","Trt","Trt","Trt","Ctrl","Trt","Ctrl","Trt","Ctrl","Trt","Ctrl","Ctrl","Ctrl","Trt","Trt","Trt","Ctrl","Trt","Ctrl","Ctrl","Trt","Trt","Trt","Ctrl","Ctrl","Ctrl","Trt","Trt","Trt","Ctrl","Ctrl","Trt","Ctrl","Trt","Trt","Trt","Ctrl","Ctrl","Ctrl","Trt","Ctrl","Trt","Ctrl","Ctrl","Trt","Ctrl","Trt","Trt","Ctrl","Trt","Ctrl","Trt","Trt","Ctrl","Ctrl","Trt","Ctrl","Trt","Ctrl","Trt","Ctrl","Ctrl","Trt","Ctrl","Ctrl","Trt","Trt","Trt","Ctrl","Ctrl","Trt","Ctrl","Ctrl","Trt","Trt","Trt","Trt"
120,"Ctrl","Trt","Trt","Ctrl","Trt","Ctrl","Ctrl","Ctrl","Trt","Trt","Ctrl","Trt","Ctrl","Trt","Trt","Ctrl","Trt","Trt","Ctrl","Ctrl","Trt","Ctrl","Trt","Ctrl","Trt","Ctrl","Ctrl","Ctrl","Trt","Trt","Trt","Ctrl","Trt","Ctrl","Trt","Ctrl","Trt","Trt","Ctrl","Ctrl","Trt","Ctrl","Ctrl","Ctrl","Trt","Trt","Trt","Ctrl","Trt","Ctrl","Trt","Ctrl","Trt","Ctrl","Ctrl","Ctrl","Trt","Trt","Trt","Ctrl","Trt","Ctrl","Ctrl","Trt","Trt","Trt","Ctrl","Ctrl","Ctrl","Trt","Trt","Trt","Ctrl","Ctrl","Trt","Ctrl","Trt","Trt","Trt","Ctrl","Ctrl","Ctrl","Trt","Ctrl","Trt","Ctrl","Ctrl","Trt","Ctrl","Trt","Trt","Ctrl","Trt","Ctrl","Trt","Trt","Ctrl","Ctrl","Trt","Ctrl","Trt","Ctrl","Trt","Ctrl","Ctrl","Trt","Ctrl","Ctrl","Trt","Trt","Trt","Ctrl","Ctrl","Trt","Ctrl","Ctrl","Trt","Trt","Trt","Trt"
